evidence_id,scope_type,scope_id,criterion,claim,source_type,source_name,source_url,retrieved_date,evidence_class,sentiment,quote_or_note
columbia-square-living-1550-n-el-centro-ave--ev-1,building,columbia-square-living-1550-n-el-centro-ave,amenities,"The official Greystar listing shows AC, dishwasher, pet-friendly policy, washer/dryer, garage parking, rooftop pool/deck, concierge, secured elevators, and a private resident entrance.",official,Greystar property page,https://www.greystar.com/columbia-square-living-los-angeles-ca/p_17235,2026-03-25,confirmed,positive,"Highlights include Air Conditioning, Dishwasher, Garage, Pet Friendly, Pool, Washer/Dryer; community amenities include Rooftop Pool & Deck, Resident Rooftop Lounge, Lobby & Dedicated Concierge, Card Reader Secured Elevators, and Private Resident Entrance."
columbia-square-living-1550-n-el-centro-ave--ev-2,building,columbia-square-living-1550-n-el-centro-ave,pricing_transparency,"Greystar discloses several recurring required monthly charges, including pest control, billing admin fee, and SCEP fee, but some utility and lease-cost items remain usage-based or lease-specific.",official,Greystar pricing and costs disclosure,https://www.greystar.com/columbia-square-living-los-angeles-ca/p_17235,2026-03-25,confirmed,mixed,"Greystar says Total Monthly Leasing Price includes base rent, mandatory monthly costs, and any optional add-ons; the visible table lists Pest Control Services at $3.00/month, Utility Billing Administrative Fee at $4.38/month, and SCEP Fee at $2.83/month, while several utility lines are usage-based."
columbia-square-living-1550-n-el-centro-ave--ev-3,building,columbia-square-living-1550-n-el-centro-ave,management,"Apartments.com shows strong headline resident sentiment and detailed operational disclosures, but resident review depth is still modest.",review,Apartments.com,https://www.apartments.com/columbia-square-living-los-angeles-ca/2v16sgc/,2026-03-25,corroborated,positive,"Apartments.com shows a 4.8/5 blended score with 13 renter reviews and lists Property Manager on Site, Controlled Access, Package Service, Concierge, Doorman, and 24 Hour Access."
columbia-square-living-1550-n-el-centro-ave--ev-4,building,columbia-square-living-1550-n-el-centro-ave,quiet,"The larger Columbia Square campus hosts outdoor events and includes public parking, which raises location-noise exposure for some stacks even if the tower itself is upscale.",official,Kilroy Columbia Square on-site amenities page,https://columbiasquare.kilroyrealty.com/property-overview/on-site-amenities/,2026-03-25,confirmed,mixed,"Kilroy says the outdoor plaza hosts events including live music and a holiday tree lighting ceremony, and the site has a public 5-level parking garage with valet parking and EV charging."
columbia-square-living-1550-n-el-centro-ave--ev-5,building,columbia-square-living-1550-n-el-centro-ave,management,A resident petition in 2024 complained that valet removal undermined one of the key service promises residents valued.,review,Change.org resident petition,https://www.change.org/p/reinstate-valet-service-at-columbia-square-living,2026-03-25,anecdotal,negative,The petition says the removal of valet service undermined one of the principal reasons residents chose the building.
columbia-square-living-1550-n-el-centro-ave--ev-6,building,columbia-square-living-1550-n-el-centro-ave,security,"Google-review sentiment visible through Birdeye is materially weaker than Apartments.com and includes a serious recent security allegation, but the allegation is not independently confirmed by a higher-tier source.",review,Birdeye Google review aggregation,https://reviews.birdeye.com/columbia-square-living-166314006746336,2026-03-25,anecdotal,negative,Birdeye shows a 3.9/5 rating across 104 Google reviews and surfaces a recent complaint alleging an active-shooter incident involving a maintenance employee and poor building response. This is important but remains anecdotal without a corroborating official report in the retrieved set.
columbia-square-living-1550-n-el-centro-ave--ev-7,building,columbia-square-living-1550-n-el-centro-ave,quiet,"The project was constructed as a Type I concrete high-rise, which is a favorable structural signal for airborne-noise isolation versus lighter wood-frame construction.",official,Webcor project page,https://www.webcor.com/projects/columbia-square-living?f5d8a238_page=2,2026-03-25,inferred,positive,"Webcor describes Columbia Square Living as a ground-up, Type I concrete high-end apartment project with 22 levels above grade."
the-baxter-1818-n-cherokee-ave--ev-1,building,the-baxter-1818-n-cherokee-ave,amenities,"The official site describes The Baxter as an 86-unit, seven-story building with a rooftop deck, social lounge, and onsite parking.",official,The Baxter official site,https://thebaxterhollywood.com/,2026-03-25,confirmed,positive,"The official page says the building pairs its design with modern amenities such as a rooftop deck, social lounge, and onsite parking."
the-baxter-1818-n-cherokee-ave--ev-2,building,the-baxter-1818-n-cherokee-ave,amenities,"Apartments.com lists package service, secured parcel room, EV charging, pool, gym, dog park, bike storage, communal working space, and in-unit washer/dryer, AC, and dishwasher.",review,Apartments.com,https://www.apartments.com/the-baxter-los-angeles-ca/mtsg17j/,2026-03-25,corroborated,positive,"Visible amenities include Package Service, EV Charging, Pool, Fitness Center, Dog Park, Bicycle Storage, Coffee Bar in Lobby, Communal Working space, Secured Parcel Room, Washer/Dryer, Air Conditioning, and Dishwasher."
the-baxter-1818-n-cherokee-ave--ev-3,building,the-baxter-1818-n-cherokee-ave,management,Resident-review signal is currently too thin to treat the high headline rating as durable proof of operations.,review,Apartments.com,https://www.apartments.com/the-baxter-los-angeles-ca/mtsg17j/,2026-03-25,corroborated,mixed,"Apartments.com shows a 4.9/5 blended score with 2 renter reviews, but the visible review section is still very light. That supports interest, not confidence."
the-baxter-1818-n-cherokee-ave--ev-4,building,the-baxter-1818-n-cherokee-ave,pricing_transparency,Parking and concession disclosures are directionally helpful but still not fully clean or self-contained.,review,Apartments.com,https://www.apartments.com/the-baxter-los-angeles-ca/mtsg17j/,2026-03-25,corroborated,mixed,"Apartments.com says parking is available and free of charge for residents, lists garage parking at $0/mo, and notes 1 Month Free, but also says to call for more information on parking policy and fees."
the-baxter-1818-n-cherokee-ave--ev-5,building,the-baxter-1818-n-cherokee-ave,location_fit,"The Baxter is close to core Hollywood daily needs and transit, but that same proximity raises daily street-noise exposure.",review,Apartments.com location section,https://www.apartments.com/the-baxter-los-angeles-ca/mtsg17j/,2026-03-25,corroborated,mixed,"Apartments.com says Hollywood/Highland Station is 0.4 mile away and Musicians Institute is 0.3 mile away, which is great for routine access but places the building in an active Hollywood pocket."
the-baxter-1818-n-cherokee-ave--ev-6,building,the-baxter-1818-n-cherokee-ave,community_stability,"The building is recently delivered, so long-run operational stability and renewal behavior are still unproven.",news,Urbanize LA,https://la.urbanize.city/post/rendering-vs-reality-baxter-hollywood-apartments-1818-n-cherokee-avenue,2026-03-25,corroborated,neutral,"Urbanize reported in July 2024 that construction was complete and described an 86-unit building above a two-level, 61-car basement garage. That recency explains why public resident history is still thin."
skyview-sunset-1511-n-fairfax-ave--ev-1,building,skyview-sunset-1511-n-fairfax-ave,amenities,"The official amenities page confirms controlled access/gated entry, EV charging, digital package reception, covered parking, a rooftop sky deck, hot tub, central AC, dishwasher, and in-home washer/dryer.",official,Skyview Sunset amenities page,https://www.skyviewsunset.com/amenities,2026-03-25,confirmed,positive,"The page lists Sky Deck Hot Tub, Sky Deck with Panoramic Views, Controlled Access/Gated, EV Charging Stations, Digital Package Reception, Covered Parking, In-Home Washer and Dryer, Central A/C and Heat, and Dishwasher."
skyview-sunset-1511-n-fairfax-ave--ev-2,building,skyview-sunset-1511-n-fairfax-ave,amenities,The official pet policy is cat-friendly and dog-friendly with concrete disclosed terms.,official,Skyview Sunset amenities page,https://www.skyviewsunset.com/amenities,2026-03-25,confirmed,positive,"Cats and dogs are welcome, max 2 pets, max 50 lbs per pet, $500 pet deposit per pet, and $50 monthly pet rent per pet."
skyview-sunset-1511-n-fairfax-ave--ev-3,building,skyview-sunset-1511-n-fairfax-ave,quiet,"Skyview Sunset sits at a high-exposure location near Sunset Boulevard and Fairfax Avenue, which materially raises daily traffic and street-noise risk.",official,Skyview Sunset official site,https://www.skyviewsunset.com/,2026-03-25,confirmed,mixed,The official site repeatedly emphasizes the location near Fairfax Avenue and Sunset Boulevard and the lively center of the city.
skyview-sunset-1511-n-fairfax-ave--ev-4,building,skyview-sunset-1511-n-fairfax-ave,quiet,"Local development reporting describes the project as a mixed-use Sunset/Fairfax building with retail, which increases exposure to corner activity beyond a pure residential side street.",news,Urbanize LA,https://la.urbanize.city/post/mixed-use-development-rises-7901-w-sunset-boulevard-hollywood,2026-03-25,corroborated,negative,"Urbanize reported a seven-story project at Sunset and Fairfax with 62 apartments, about 6,500 square feet of ground-floor retail, and 88 parking spaces."
skyview-sunset-1511-n-fairfax-ave--ev-5,building,skyview-sunset-1511-n-fairfax-ave,management,Public operational history is still thin because the building is brand new and has no renter-review depth yet.,review,Apartments.com,https://www.apartments.com/skyview-sunset-los-angeles-ca/s011r94/,2026-03-25,corroborated,neutral,Apartments.com lists the property as built in 2025 with 62 units/7 stories and says there are no renter reviews yet.
skyview-sunset-1511-n-fairfax-ave--ev-6,building,skyview-sunset-1511-n-fairfax-ave,pricing_transparency,"The visible listing gives a current available price and concession, but parking detail and some fee details still require direct confirmation.",review,Apartments.com,https://www.apartments.com/skyview-sunset-los-angeles-ca/s011r94/,2026-03-25,corroborated,mixed,"Apartments.com shows a currently available 2BR at $4,295 and says 1 Month Free is available, but also says to contact the property for parking details."
skyview-sunset-1511-n-fairfax-ave--ev-7,building,skyview-sunset-1511-n-fairfax-ave,amenities,"Zillow corroborates the core in-unit essentials and gated access, which helps resolve but not fully eliminate a contradictory Apartments.com FAQ about laundry.",review,Zillow Rentals,https://www.zillow.com/apartments/los-angeles-ca/skyview-on-sunset/CpRDfn/,2026-03-25,corroborated,positive,"Zillow lists central AC, in-unit laundry, controlled access, dishwasher, EV charging, cats allowed, and small dogs allowed."
7950-west-sunset-7950-w-sunset-blvd--ev-1,building,7950-west-sunset-7950-w-sunset-blvd,amenities,"The official amenities page lists dishwasher, stackable washer and dryer, central air conditioning and heating, infinity-edge pool and spa, fitness studio with yoga loft, executive conference center, E-lounge, package concierge, and private access subterranean parking.",official,7950 West Sunset Amenities,https://7950westsunset.com/amenities/,2026-03-25,confirmed,positive,"Official page lists apartment and community amenities including dishwasher, stackable washer and dryer, central AC, pool/spa, fitness studio, executive conference center, E-lounge, package concierge, and private access subterranean parking."
7950-west-sunset-7950-w-sunset-blvd--ev-2,building,7950-west-sunset-7950-w-sunset-blvd,pricing_transparency,"The official floorplan page discloses that displayed monthly prices exclude variable mandatory charges such as insurance, utility services, city rent tax, move fees, and other required charges.",official,7950 West Sunset Floorplans,https://7950westsunset.com/floorplans/,2026-03-25,confirmed,mixed,Official fee guide says displayed prices do not include variable mandatory charges required under the lease and that actual charges will appear in the final lease agreement.
7950-west-sunset-7950-w-sunset-blvd--ev-3,building,7950-west-sunset-7950-w-sunset-blvd,management,Legacy Partners is publicly identified as the operator or manager for 7950 West Sunset.,official,7950 West Sunset Amenities / footer,https://7950westsunset.com/amenities/,2026-03-25,confirmed,neutral,"The site footer links to legacypartners.com, and Apartments.com identifies Legacy Partners, Inc. CA DRE #01201696 in the property description."
7950-west-sunset-7950-w-sunset-blvd--ev-4,building,7950-west-sunset-7950-w-sunset-blvd,quiet,"Apartments.com shows the property directly at 7950 W Sunset Blvd near multiple shopping centers within a 5-minute walk and highlights a roof terrace, pool, spa, and controlled access.",review,Apartments.com,https://www.apartments.com/7950-west-sunset-los-angeles-ca/8h53150/,2026-03-25,corroborated,mixed,"The listing places the building on Sunset, notes three shopping centers within 0.3 mile, and emphasizes roof/pool amenities, which supports a strong lifestyle fit but elevated daily activity exposure."
7950-west-sunset-7950-w-sunset-blvd--ev-5,building,7950-west-sunset-7950-w-sunset-blvd,management,"RentCafe shows a small positive resident signal and current leasing activity, but review depth is thin.",review,RentCafe,https://www.rentcafe.com/apartments/ca/los-angeles/7950-west-sunset-apartments/default.aspx,2026-03-25,anecdotal,positive,"RentCafe shows 4.5 out of 5 from 4 reviews, only 3 available units, and a March 31 move-in special. The signal is useful but still shallow."
7950-west-sunset-7950-w-sunset-blvd--ev-6,building,7950-west-sunset-7950-w-sunset-blvd,pricing_transparency,"Public listings publish concrete application and pet-fee terms: $55 application fee, cat deposit $250 with $25 monthly cat rent, and dog deposit $500 with $50 monthly dog rent.",review,Realtor.com,https://www.realtor.com/realestateandhomes-detail/7950-W-Sunset-Blvd_Los-Angeles_CA_90046_M15213-45219,2026-03-25,corroborated,positive,Search result snippet for Realtor.com lists application and pet fee terms and confirms dogs and cats are allowed.
7950-west-sunset-7950-w-sunset-blvd--ev-7,building,7950-west-sunset-7950-w-sunset-blvd,quiet,"The official neighborhood page markets the building as steps from dining, shopping, Sunset Strip, and entertainment, which is a convenience plus but a quiet-living risk for street-facing units.",official,7950 West Sunset Neighborhood,https://7950westsunset.com/neighborhood/,2026-03-25,inferred,mixed,"Official copy emphasizes nearby dining, shopping, and entertainment on and around Sunset Boulevard; that supports fit for access but also implies consistent ambient activity."
the-crown-8350-santa-monica-blvd--ev-1,building,the-crown-8350-santa-monica-blvd,quiet,The official amenities page says the rooftop deck has full WiFi coverage and a bird’s-eye view of the activity on Santa Monica Boulevard.,official,The Crown Amenities,https://thecrownweho.com/amenities/,2026-03-25,confirmed,mixed,Official copy frames the roof as a place to work or gather before a night out while looking directly over Santa Monica Blvd activity.
the-crown-8350-santa-monica-blvd--ev-2,building,the-crown-8350-santa-monica-blvd,quiet,Official 2-bedroom floor-plan content says select units include private patios or balconies facing The Crown’s private interior courtyard.,official,The Crown 2 Bedroom Apartments,https://thecrownweho.com/2-bedroom-apartments/,2026-03-25,confirmed,positive,This is the clearest public sign that some units may be meaningfully quieter than the boulevard-facing ones.
the-crown-8350-santa-monica-blvd--ev-3,building,the-crown-8350-santa-monica-blvd,management,First Light Property Management is identified on current Crown site materials as the manager.,official,The Crown 1 Bedroom Townhome page,https://thecrownweho.com/1-bedroom-townhome/,2026-03-25,confirmed,neutral,The page footer shows manager branding for First Light Property Management.
the-crown-8350-santa-monica-blvd--ev-4,building,the-crown-8350-santa-monica-blvd,amenities,"Apartments.com lists controlled access, key-fob entry, package service, hot tub, fitness center, media lounge, bicycle storage, in-unit washer/dryer, dishwasher, and air conditioning.",review,Apartments.com,https://www.apartments.com/crown-apartments-west-hollywood-ca/7p41k4z/,2026-03-25,corroborated,positive,The listing also shows the property was built in 2017 with 48 units over 4 stories.
the-crown-8350-santa-monica-blvd--ev-5,building,the-crown-8350-santa-monica-blvd,management,"Resident-review evidence is mixed and thin: Apartments.com shows no renter reviews, while Birdeye aggregates a 3.4-star rating from 14 reviews with both criticism and praise.",review,Birdeye,https://reviews.birdeye.com/the-crown-apartments-156783049108434,2026-03-25,anecdotal,mixed,Visible Birdeye snippets include a complaint that the building has only a hot tub instead of a pool and a positive comment praising design and location.
the-crown-8350-santa-monica-blvd--ev-6,building,the-crown-8350-santa-monica-blvd,pricing_transparency,"Current public pricing shows active concessions and deposits, but the true monthly number still depends on base-rent versus net-effective math and additional fees.",review,Apartments.com,https://www.apartments.com/crown-apartments-west-hollywood-ca/7p41k4z/,2026-03-25,corroborated,mixed,"The listing advertises 1 month to 6 weeks free on select units, quotes $4,112 to $4,699, shows unit-specific deposits, and says displayed price may exclude mandatory fees or utilities."
the-crown-8350-santa-monica-blvd--ev-7,building,the-crown-8350-santa-monica-blvd,amenities,"Zillow and current unit-level listings corroborate pet-friendly status, in-unit laundry, and published pet charges, but the exact cat terms should still be re-verified on a current lease quote.",review,Zillow,https://www.zillow.com/homedetails/8350-Santa-Monica-Blvd-APT-406-West-Hollywood-CA-90069/2094803695_zpid/,2026-03-25,corroborated,positive,"Visible Zillow listing text says washer and dryer are included in every unit and gives pet terms of $500 deposit per pet, $50 dog rent, and $35 cat rent."
element-weho-1425-n-crescent-heights-blvd--ev-1,building,element-weho-1425-n-crescent-heights-blvd,amenities,"The official amenities page lists package concierge, controlled access, fitness center, garage, outdoor pool, chef-grade Viking kitchen appliances, and LG in-home washer/dryer.",official,Element WeHo Amenities & Features,https://www.elementweho.com/amenities-features/,2026-03-25,confirmed,positive,"Official building amenities include modern outdoor pool, package concierge, controlled access, fully-equipped fitness center, and garage; unit finishes include dishwasher-adjacent chef’s kitchen setup and LG washer/dryer."
element-weho-1425-n-crescent-heights-blvd--ev-2,building,element-weho-1425-n-crescent-heights-blvd,management,Moss & Company is disclosed as the current management company on Element WeHo’s official site.,official,Element WeHo Amenities & Features,https://www.elementweho.com/amenities-features/,2026-03-25,confirmed,neutral,The official page footer states © 2019 Moss & Company.
element-weho-1425-n-crescent-heights-blvd--ev-3,building,element-weho-1425-n-crescent-heights-blvd,quiet,The official home page says Element WeHo sits right at the intersection of Crescent Heights and Sunset Boulevard with West Hollywood action at the doorstep.,official,Element WeHo Home,https://www.elementweho.com/,2026-03-25,confirmed,mixed,"Official copy emphasizes proximity to Sunset Strip, Chateau Marmont, and surrounding activity rather than insulation from street noise."
element-weho-1425-n-crescent-heights-blvd--ev-4,building,element-weho-1425-n-crescent-heights-blvd,amenities,"The official floor-plan page shows current one-bedroom plus office layouts starting around $4,250 and confirms in-home office or den space, in-home washer/dryer, and walk-in closets.",official,Element WeHo Floor Plans,https://www.elementweho.com/floorplans/,2026-03-25,confirmed,positive,"Current floor-plan entries include 1 bed plus office layouts priced from $4,250 to $5,550 and larger layouts above that range."
element-weho-1425-n-crescent-heights-blvd--ev-5,building,element-weho-1425-n-crescent-heights-blvd,amenities,"Apartments.com corroborates gated entry, package service, concierge, pool, fitness center, bicycle storage, AC, dishwasher, washer/dryer, and balcony-capable layouts.",review,Apartments.com,https://www.apartments.com/element-weho-west-hollywood-ca/wn8k8ek/,2026-03-25,corroborated,positive,The listing also notes the property manager is on site and highlights views plus office or den layouts.
element-weho-1425-n-crescent-heights-blvd--ev-6,building,element-weho-1425-n-crescent-heights-blvd,pricing_transparency,Pricing is public but the fee stack is still incomplete in self-serve materials.,official,Element WeHo Floor Plans,https://www.elementweho.com/floorplans/,2026-03-25,confirmed,mixed,"Official pages show current base rent bands for floor plans, but a detailed fee guide for utilities, parking, pets, and add-ons was not surfaced in the retrieved public pages."
element-weho-1425-n-crescent-heights-blvd--ev-7,building,element-weho-1425-n-crescent-heights-blvd,amenities,"Zillow snippets confirm pet-friendly status and publish pet terms, but the weight limits appear inconsistent in the surfaced text and need direct confirmation.",review,Zillow building FAQs,https://www.zillow.com/building-apps/lot_1009394528,2026-03-25,anecdotal,mixed,"Zillow snippet shows up to 2 cats with $500 deposit and $50 monthly fee, and dogs with $500 deposit and $50 monthly fee, but the visible weight-limit text is internally inconsistent."
aka-8500-sunset-8500-sunset-blvd--ev-1,building,aka-8500-sunset-8500-sunset-blvd,pricing_transparency,"The official FAQ publishes unusually detailed fee and policy terms including security deposit range, trash fee, metered utilities, no rent tax, pet fee and pet rent, included tandem parking, visitor parking charges, and renter’s insurance requirements.",official,AKA West Hollywood Apartment Residences FAQ,https://www.8500sunsetapartments.com/faq.aspx,2026-03-25,confirmed,positive,"Official FAQ says deposits range from $2,500 to 2 months rent, trash is $12 per month, water and power are metered, there are no taxes on monthly rent, and one tandem parking space plus valet are included."
aka-8500-sunset-8500-sunset-blvd--ev-2,building,aka-8500-sunset-8500-sunset-blvd,amenities,"The official FAQ confirms a 24-hour resident services team, 24-hour valet, resort-style pool and cabanas, private resident cinema, indoor-outdoor lounge, Wi-Fi-friendly common areas, and specific package-delivery procedures.",official,AKA West Hollywood Apartment Residences FAQ,https://www.8500sunsetapartments.com/faq.aspx,2026-03-25,confirmed,positive,"Smaller packages are logged at the West Tower front desk and delivered outside residents’ doors in two daily delivery windows, with immediate delivery for perishables."
aka-8500-sunset-8500-sunset-blvd--ev-3,building,aka-8500-sunset-8500-sunset-blvd,quiet,"The official home page places the building on the iconic Sunset Strip with a vibrant backdrop, while also describing each apartment as offering a tranquil setting.",official,The Apartment Residences at AKA Home,https://www.8500sunsetapartments.com/,2026-03-25,confirmed,mixed,"Official copy supports both sides of the quiet question: premium location on Sunset, but an attempt at calm inside the residences."
aka-8500-sunset-8500-sunset-blvd--ev-4,building,aka-8500-sunset-8500-sunset-blvd,management,Current official site materials identify Korman Communities as the operating company for the annual-lease apartment residences.,official,The Apartment Residences at AKA Home,https://www.8500sunsetapartments.com/,2026-03-25,confirmed,neutral,The official footer states ©2021 Korman Communities.
aka-8500-sunset-8500-sunset-blvd--ev-5,building,aka-8500-sunset-8500-sunset-blvd,amenities,"Apartments.com corroborates doorman and concierge service, video patrol, key-fob entry, EV charging, dog park, washer/dryer, dishwasher, office-ready layouts, and free resident parking.",review,Apartments.com,https://www.apartments.com/aka-west-hollywood-apartment-residences-west-hollywood-ca/x4brlmm/,2026-03-25,corroborated,positive,"The listing also shows 5.0 out of 5 with 2 renter reviews, 24-hour access, and a 9am-5pm office schedule."
aka-8500-sunset-8500-sunset-blvd--ev-6,building,aka-8500-sunset-8500-sunset-blvd,management,"RentCafe shows deep resident-review volume with generally strong scores for staff, maintenance, parking, and noise, but not a spotless record.",review,RentCafe,https://www.rentcafe.com/apartments/ca/west-hollywood/the-apartment-residences-at-aka/default.aspx,2026-03-25,corroborated,mixed,"RentCafe shows 48 reviews, staff 5.0, maintenance 4.5, parking 5.0, and noise 4.5. Visible comments include praise from a seven-year resident, one complaint that staff is not client-oriented, and a note about a persistent washing-machine issue."
aka-8500-sunset-8500-sunset-blvd--ev-7,building,aka-8500-sunset-8500-sunset-blvd,community_stability,"The annual-lease East Tower is part of a larger AKA mixed-use environment that includes retail and serviced residences, which improves service depth but may feel more hotel-like than a standard apartment building.",official,AKA FAQ and Home page,https://www.8500sunsetapartments.com/faq.aspx,2026-03-25,inferred,mixed,"The FAQ distinguishes unfurnished annual East Tower apartments from monthly furnished West Tower serviced residences, and the home page notes the shared 8500 Sunset retail plaza."
silhouette-apartments-1233-n-highland-ave--ev-1,building,silhouette-apartments-1233-n-highland-ave,amenities,"The official site markets rooftop lounges, meeting rooms, business centers, courtyards with fire pits, and a fitness studio.",official,Silhouette official amenities page,https://silhouettela.com/amenities/,2026-03-25,confirmed,positive,"Official amenities page lists expansive recreation rooms with full kitchens, state-of-the-art fitness studios, relaxing courtyards with fire pits, breathtaking rooftop lounges, professional meeting rooms and business centers, outdoor yoga spaces, rooftop spa retreat, and secure underground parking."
silhouette-apartments-1233-n-highland-ave--ev-2,building,silhouette-apartments-1233-n-highland-ave,amenities,"The official residences page confirms core in-home essentials including stainless appliances, dishwasher, full-size washer and dryer, smart home technology, and EV charging stations.",official,Silhouette official residences page,https://silhouettela.com/residences/,2026-03-25,confirmed,positive,"Official page states premium stainless appliances including fridge, range, and dishwasher, in-unit full-size washer and dryer, smart home technology, floor-to-ceiling windows, select balconies, and EV charging stations."
silhouette-apartments-1233-n-highland-ave--ev-3,building,silhouette-apartments-1233-n-highland-ave,pricing_transparency,"Greystar publishes total monthly pricing language and a detailed required-fee schedule for utilities, SCEP, pest control, and administrative utility billing.",official,Greystar property page for Silhouette,https://www.greystar.com/silhouette-los-angeles-ca/p_21877,2026-03-25,confirmed,positive,"Greystar states total monthly leasing price includes base rent and mandatory monthly costs, then lists SCEP fee at $2.83 monthly, utility billing administrative fee at $6.06 monthly, pest control at $2 monthly, and usage-based trash, electric, sewer, water, and hot water energy charges."
silhouette-apartments-1233-n-highland-ave--ev-4,building,silhouette-apartments-1233-n-highland-ave,pricing_transparency,"Apartments.com provides unusually detailed pet, parking, EV parking, package-service, deposit, and situational fee disclosures.",review,Apartments.com listing for Silhouette Apartments,https://www.apartments.com/silhouette-apartments-los-angeles-ca/7h539fy/,2026-03-25,corroborated,positive,"Apartments.com lists cat restrictions as none, pet deposit $500, pet rent $50 monthly, standard parking $100 monthly, EV parking $175 monthly, tandem parking $150 monthly, package services $3 per occurrence, application fee $35, and security deposit $500 to $1,000."
silhouette-apartments-1233-n-highland-ave--ev-5,building,silhouette-apartments-1233-n-highland-ave,security,"Third-party listings consistently describe controlled access, key fob entry, package service, EV charging, and secure underground parking.",review,Apartments.com listing for Silhouette Apartments,https://www.apartments.com/silhouette-apartments-los-angeles-ca/7h539fy/,2026-03-25,corroborated,positive,"Community amenities section lists package service, controlled access, maintenance on site, EV charging, key fob entry, elevator, lounge, conference rooms, spa, roof terrace, courtyard, and secure underground parking."
silhouette-apartments-1233-n-highland-ave--ev-6,building,silhouette-apartments-1233-n-highland-ave,management,"Resident-review depth is still thin, which limits confidence in management and quiet operations despite positive headline scores.",review,Apartments.com listing for Silhouette Apartments,https://www.apartments.com/silhouette-apartments-los-angeles-ca/7h539fy/,2026-03-25,corroborated,mixed,"Apartments.com shows a 5.0 blended score with 2 renter reviews, but the retrieved page also says there are no reviews available to read, so the public resident record is too shallow to treat as strong proof of operations."
silhouette-apartments-1233-n-highland-ave--ev-7,building,silhouette-apartments-1233-n-highland-ave,community_stability,"The building is very new, mixed-use, and includes ground-floor retail plus rentable amenity spaces, which increases the need to verify day-to-day operations in person.",public_record,LADBS permit record for 1233 N Highland Ave,https://www.ladbsservices2.lacity.org/OnlineServices/PermitReport/PcisPermitDetail?id1=16010&id2=10000&id3=05437,2026-03-25,confirmed,neutral,"City permit record describes a 72-unit mixed-use project over retail and garage, with certificate of occupancy issued on 2026-01-05. The newness helps condition but means there is not much long-term operational evidence yet."
silhouette-apartments-1233-n-highland-ave--ev-8,building,silhouette-apartments-1233-n-highland-ave,quiet,"Silhouette is in a highly walkable Hollywood location on Highland, which is convenient but not inherently low-noise.",official,Greystar property page for Silhouette,https://www.greystar.com/silhouette-los-angeles-ca/p_21877,2026-03-25,inferred,mixed,"Greystar calls the building tucked away among the energetic buzz of Hollywood, while Walk Score is 96 and the site highlights retail, dining, and nightlife access. That supports strong convenience but also moderate ambient activity risk, especially for Highland-facing units."
avalon-west-hollywood-7316-santa-monica-blvd--ev-1,building,avalon-west-hollywood-7316-santa-monica-blvd,management,"The official Avalon page surfaces a large current Google review corpus, which is a stronger management signal than the review-light new buildings in this list.",official,Avalon West Hollywood official listing,https://www.avaloncommunities.com/california/west-hollywood-apartments/avalon-west-hollywood/,2026-03-25,confirmed,positive,"The official search result for the property shows 4.3 Google Reviews with 231 reviews, indicating a much larger resident feedback base than most newer comps."
avalon-west-hollywood-7316-santa-monica-blvd--ev-2,building,avalon-west-hollywood-7316-santa-monica-blvd,security,"Avalon explicitly advertises Smart Access entry and 24/7 digital package lockers, which is a meaningful package and access-control strength.",official,Avalon West Hollywood Connect+ page,https://www.avaloncommunities.com/california/west-hollywood-apartments/avalon-west-hollywood/connect%2B/,2026-03-25,confirmed,positive,"Connect+ page says Smart Access lets residents unlock doors through an app or unique code, and package services use digital lockers with email alerts and a unique pin code available 24 hours a day, seven days a week."
avalon-west-hollywood-7316-santa-monica-blvd--ev-3,building,avalon-west-hollywood-7316-santa-monica-blvd,amenities,"Official and verified listing pages align on strong core amenities including in-unit laundry, pool, fitness center, bike storage, furnished options, and on-site retail.",review,Apartments.com listing for Avalon West Hollywood,https://www.apartments.com/avalon-west-hollywood-west-hollywood-ca/wv7mqpk/,2026-03-25,corroborated,positive,"Apartments.com says the building offers in-home washer and dryer, stainless kitchens, state of the art fitness center, rooftop terrace, swimming pool, WiFi in common areas, bike storage, furnished options, and on-site retail including Trader Joe's."
avalon-west-hollywood-7316-santa-monica-blvd--ev-4,building,avalon-west-hollywood-7316-santa-monica-blvd,pricing_transparency,"The public fee stack is clearer than average, but total all-in cost rises quickly once mandatory Connect+ and covered parking are included.",review,Apartments.com fees and policies for Avalon West Hollywood,https://www.apartments.com/avalon-west-hollywood-west-hollywood-ca/wv7mqpk/,2026-03-25,corroborated,mixed,"Apartments.com lists Government License Fee $2.83 monthly, Connect+ Smart Tech $30 monthly, Connect+ Internet $81 monthly, cats and dogs each at $500 deposit plus $55 monthly per pet, and covered parking at $150 monthly."
avalon-west-hollywood-7316-santa-monica-blvd--ev-5,building,avalon-west-hollywood-7316-santa-monica-blvd,management,"A second large review aggregator also shows a solid but not flawless reputation, supporting a generally strong management score instead of a perfect one.",review,Birdeye profile for Avalon West Hollywood,https://reviews.birdeye.com/avalon-west-hollywood-156632295346353,2026-03-25,corroborated,positive,"Birdeye shows a 4.2 rating across 268 reviews, mostly from Google, which broadly backs the official review signal but also suggests some resident friction exists."
avalon-west-hollywood-7316-santa-monica-blvd--ev-6,building,avalon-west-hollywood-7316-santa-monica-blvd,quiet,"The building sits directly on Santa Monica Boulevard with on-site retail and rooftop recreation, which raises persistent ambient-noise risk for a quiet-first renter.",official,Avalon West Hollywood official listing,https://www.avaloncommunities.com/california/west-hollywood-apartments/avalon-west-hollywood/,2026-03-25,inferred,negative,"Official and verified listing pages place the property on Santa Monica Boulevard and highlight on-site retail, rooftop terrace, pool, and a highly walkable WeHo setting. That is excellent for convenience but not a low-noise profile."
avalon-west-hollywood-7316-santa-monica-blvd--ev-7,building,avalon-west-hollywood-7316-santa-monica-blvd,security,"There is a dated but material public-safety incident associated with the building, which keeps security risk from scoring low despite strong current access-control features.",news,CBS Los Angeles report on 2021 shooting at Avalon West Hollywood,https://www.cbsnews.com/losangeles/news/woman-shot-killed-in-upscale-weho-apartment-building-no-suspect-identified/,2026-03-25,confirmed,negative,"CBS reported that a woman was shot and killed inside the Avalon West Hollywood apartment building in October 2021. This is not evidence of chronic present-day failure, but it is a non-trivial security datapoint."
avalon-west-hollywood-7316-santa-monica-blvd--ev-8,building,avalon-west-hollywood-7316-santa-monica-blvd,community_stability,"Avalon West Hollywood appears established rather than lease-up volatile, but its mixed-use and furnished-housing profile still makes it feel more active than a quieter boutique building.",review,Apartments.com listing for Avalon West Hollywood,https://www.apartments.com/avalon-west-hollywood-west-hollywood-ca/wv7mqpk/,2026-03-25,corroborated,mixed,"Apartments.com identifies the property as built in 2017 with 294 units over 7 stories and furnished units available. That supports mature operations, but also a larger, more active footprint than a quiet side-street community."
line-lofts-1737-n-las-palmas-ave--ev-1,building,line-lofts-1737-n-las-palmas-ave,quiet,The official marketing explicitly positions the property as being on a quiet street just off Hollywood Boulevard.,official,The Line Lofts official homepage,https://www.thelinelofts.com/,2026-03-25,confirmed,positive,Official homepage says The Line Lofts delivers high-end apartment living on a quiet street off of Hollywood Boulevard in Los Angeles.
line-lofts-1737-n-las-palmas-ave--ev-2,building,line-lofts-1737-n-las-palmas-ave,security,"The official site confirms unusually strong package, surveillance, and front-desk style operational features.",official,The Line Lofts official homepage,https://www.thelinelofts.com/,2026-03-25,confirmed,positive,"Official community features include Parcel Pending automated package storage, Butler Box secure on-site dry-cleaning pick-up and drop-off, 24-hour front desk and courtesy patrol, and 44 surveillance cameras throughout the property."
line-lofts-1737-n-las-palmas-ave--ev-3,building,line-lofts-1737-n-las-palmas-ave,amenities,Core in-unit essentials are strongly supported by verified listing data.,review,Apartments.com listing for Line Lofts,https://www.apartments.com/line-lofts-hollywood-ca/rspqcx2/,2026-03-25,corroborated,positive,"Apartments.com lists washer and dryer, air conditioning, dishwasher, stainless steel appliances, pantry, walk-in closets, hardwood floors, and loft layouts among apartment features."
line-lofts-1737-n-las-palmas-ave--ev-4,building,line-lofts-1737-n-las-palmas-ave,security,"Third-party listing data corroborates controlled access, package handling, and surveillance.",review,Apartments.com listing for Line Lofts,https://www.apartments.com/line-lofts-hollywood-ca/rspqcx2/,2026-03-25,corroborated,positive,"Property services and amenities include package service, controlled access, property manager on site, video patrol, 24 hour access, key fob entry, EV charging, business center, clubhouse, lounge, dog park, covered parking, and 24 hour concierge."
line-lofts-1737-n-las-palmas-ave--ev-5,building,line-lofts-1737-n-las-palmas-ave,quiet,"The building is quieter than a boulevard-front address, but it is not inherently silent because the area still reads as busy in third-party noise scoring and remains steps from Hollywood Boulevard.",review,Apartments.com listing for Line Lofts,https://www.apartments.com/line-lofts-hollywood-ca/rspqcx2/,2026-03-25,corroborated,mixed,"Apartments.com gives the property a Soundscore of 67 with traffic and businesses marked busy, while the official neighborhood page says it is just steps away from bustling Hollywood Boulevard."
line-lofts-1737-n-las-palmas-ave--ev-6,building,line-lofts-1737-n-las-palmas-ave,management,"Public resident-review depth is weak, so management quality is harder to score confidently than the service stack suggests.",review,Apartments.com listing for Line Lofts,https://www.apartments.com/line-lofts-hollywood-ca/rspqcx2/,2026-03-25,corroborated,mixed,"Apartments.com states there are no reviews for this property, so there is little public resident evidence on maintenance follow-through, noise enforcement, or staff responsiveness."
line-lofts-1737-n-las-palmas-ave--ev-7,building,line-lofts-1737-n-las-palmas-ave,pricing_transparency,Public pricing is only partly transparent because base rent is visible but parking and pet-fee details are still missing from the main public listings.,review,Apartments.com listing for Line Lofts,https://www.apartments.com/line-lofts-hollywood-ca/rspqcx2/,2026-03-25,corroborated,negative,"Apartments.com shows only a $30 application fee, pets allowed, and garage lot or parking contact required, while warning that price shown is base rent and excludes optional and required charges. That leaves all-in cost uncertain."
line-lofts-1737-n-las-palmas-ave--ev-8,building,line-lofts-1737-n-las-palmas-ave,management,"Live inventory appears inconsistent across sources, which is a mild leasing-operations caution even though it may simply reflect update lag.",review,SD Property Management availability page,https://www.livesdproperties.com/availability-the-line-lofts,2026-03-25,corroborated,mixed,"Apartments.com shows one 1-bedroom unit available, but the SD Property Management availability page snippet surfaces current studio listings instead. That mismatch lowers confidence in real-time availability and leasing precision."
the-charlie-weho-7617-santa-monica-blvd--ev-1,building,the-charlie-weho-7617-santa-monica-blvd,amenities,"The official site markets coworking-style lobby space, a rooftop pool and dining area, and a fitness center.",official,The Charlie WeHo official site,https://thecharlieweho.com/,2026-03-25,confirmed,positive,"Official amenities section describes an open hotel-esque lobby with creative coworking opportunities, plus rooftop pool, dining, entertainment, and a modern fitness center."
the-charlie-weho-7617-santa-monica-blvd--ev-2,building,the-charlie-weho-7617-santa-monica-blvd,pricing_transparency,The official availability page discloses that displayed rents are base rent only and that additional fees may apply.,official,The Charlie WeHo availability page,https://thecharlieweho.com/availability/,2026-03-25,confirmed,mixed,"Page says prices shown are base rent and directs renters to add Essentials and Personalized Add-Ons; it also notes additional fees may apply for package delivery, trash, water, and amenities."
the-charlie-weho-7617-santa-monica-blvd--ev-3,building,the-charlie-weho-7617-santa-monica-blvd,management,Greystar is publicly identified as the manager on both the official availability page and Greystar listing.,official,Greystar property page,https://www.greystar.com/the-charlie-weho-west-hollywood-ca/p_20735,2026-03-25,confirmed,neutral,"Greystar listing identifies the property and official site also names Greystar California, Inc. dba Greystar Corp. as manager."
the-charlie-weho-7617-santa-monica-blvd--ev-4,building,the-charlie-weho-7617-santa-monica-blvd,amenities,Apartments.com confirms in-unit washer and dryer and air conditioning.,review,Apartments.com,https://www.apartments.com/the-charlie-weho-west-hollywood-ca/clgxc7f/,2026-03-25,corroborated,positive,Apartment Features section lists Washer/Dryer and Air Conditioning.
the-charlie-weho-7617-santa-monica-blvd--ev-5,building,the-charlie-weho-7617-santa-monica-blvd,pricing_transparency,"Apartments.com discloses pet deposit, pet rent, garage parking pricing, and package-service fees.",review,Apartments.com,https://www.apartments.com/the-charlie-weho-west-hollywood-ca/clgxc7f/,2026-03-25,corroborated,positive,"Fees page lists refundable pet deposit of $500, pet rent of $50 per month, garage parking at $150 to $200 per month, package services registration at $15, and package services at $3."
the-charlie-weho-7617-santa-monica-blvd--ev-6,building,the-charlie-weho-7617-santa-monica-blvd,quiet,"Apartments.com shows a Busy SoundScore and no renter reviews yet, which limits confidence and points to location noise risk.",review,Apartments.com,https://www.apartments.com/the-charlie-weho-west-hollywood-ca/clgxc7f/,2026-03-25,corroborated,negative,"Listing shows SoundScore 62 with Traffic Busy and Businesses Busy, and Property Ratings section says No Renter Reviews Yet."
the-charlie-weho-7617-santa-monica-blvd--ev-7,building,the-charlie-weho-7617-santa-monica-blvd,community_stability,Urbanize reports the building was developed as a new mixed-use project with 71 apartments over ground-floor retail and a large garage.,news,Urbanize LA,https://la.urbanize.city/project/7617-santa-monica,2026-03-25,corroborated,mixed,"Urbanize project page states 71 apartments with ground-floor retail and 177 parking spaces in a semi-subterranean garage, reinforcing a mixed-use corridor setting rather than a purely residential one."
vantage-hollywood-1710-n-fuller-ave--ev-1,building,vantage-hollywood-1710-n-fuller-ave,amenities,"The official site lists access control, reserved parking, Amazon Hub package lockers, heated pools, rooftop lounge, 24-hour fitness, and EV charging stations.",official,Equity Apartments official site,https://www.equityapartments.com/los-angeles/west-hollywood/vantage-apartments,2026-03-25,confirmed,positive,"Community amenities list includes Access Controlled Community, Reserved Parking, Amazon Hub Package Lockers, Heated Pools, Rooftop Lounge, 24-hour Fitness Center, and EV Charging Stations."
vantage-hollywood-1710-n-fuller-ave--ev-2,building,vantage-hollywood-1710-n-fuller-ave,amenities,"The official site says apartment amenities include central AC and heat, stainless steel appliances, and washer and dryer in select homes.",official,Equity Apartments official site,https://www.equityapartments.com/los-angeles/west-hollywood/vantage-apartments,2026-03-25,confirmed,positive,"Apartment amenities section lists Central AC and Heat, Stainless Steel Appliances, and Washer and Dryer in Select Homes."
vantage-hollywood-1710-n-fuller-ave--ev-3,building,vantage-hollywood-1710-n-fuller-ave,management,"The official resident-testimonial page shows a 3.9 out of 5 score based on 1,495 resident testimonials, with recent praise for leasing and maintenance staff.",official,Equity Apartments testimonials page,https://www.equityapartments.com/los-angeles/west-hollywood/vantage-apartments-reviews,2026-03-25,confirmed,positive,"Testimonials page says 3.9/5 from 1,495 resident testimonials; recent reviewed entries mention helpful office staff and prompt maintenance."
vantage-hollywood-1710-n-fuller-ave--ev-4,building,vantage-hollywood-1710-n-fuller-ave,management,Apartments.com shows a 4.5 blended score with 14 renter reviews and manager responses.,review,Apartments.com,https://www.apartments.com/vantage-hollywood-los-angeles-ca/x94e5mp/,2026-03-25,corroborated,positive,Property ratings section shows 4.5 out of 5 with 14 renter reviews and visible property manager responses.
vantage-hollywood-1710-n-fuller-ave--ev-5,building,vantage-hollywood-1710-n-fuller-ave,amenities,"Apartments.com corroborates controlled access, property manager on site, washer and dryer, air conditioning, and dishwasher.",review,Apartments.com,https://www.apartments.com/vantage-hollywood-los-angeles-ca/x94e5mp/,2026-03-25,corroborated,positive,"Community amenities list Controlled Access and Property Manager on Site; apartment features list Washer/Dryer, Air Conditioning, and Dishwasher."
vantage-hollywood-1710-n-fuller-ave--ev-6,building,vantage-hollywood-1710-n-fuller-ave,quiet,"Apartments.com gives Vantage an Active SoundScore of 70 with busy traffic, indicating noticeable but potentially manageable area noise.",review,Apartments.com,https://www.apartments.com/vantage-hollywood-los-angeles-ca/x94e5mp/,2026-03-25,corroborated,mixed,"SoundScore section shows 70/100 with Traffic Busy and Businesses Active, which is better than the most exposed Santa Monica and Sunset frontage buildings but not truly quiet."
vantage-hollywood-1710-n-fuller-ave--ev-7,building,vantage-hollywood-1710-n-fuller-ave,pricing_transparency,"Trulia discloses current base rents, cat and dog rent, and pet deposits, while also warning that displayed prices may exclude additional fees.",review,Trulia,https://www.trulia.com/building/vantage-hollywood-1710-n-fuller-ave-los-angeles-ca-90046-1001579622,2026-03-25,corroborated,mixed,"Trulia lists base rent, cat rent $45, dog rent $55, cat deposit $500, dog deposit $500, and notes that additional costs and fees may apply."
vantage-hollywood-1710-n-fuller-ave--ev-8,building,vantage-hollywood-1710-n-fuller-ave,management,"Birdeye shows a broad 4.2 out of 5 score across 241 reviews, but the visible review sample also includes an older severe complaint about trash-room conditions and leasing-office indifference.",review,Birdeye,https://reviews.birdeye.com/vantage-hollywood-apartments-156799630348894,2026-03-25,anecdotal,mixed,"Birdeye summary shows 4.2 stars from 241 reviews, but one visible older Facebook review alleges roaches in hallways and poor disclosure from leasing."
hanover-hollywood-6200-w-sunset-blvd--ev-1,building,hanover-hollywood-6200-w-sunset-blvd,location_fit,"The official site says Hanover Hollywood is located on Sunset Boulevard in Hollywood, steps from Hollywood and Vine.",official,Hanover Hollywood official site,https://www.hanoverhollywood.com/,2026-03-25,confirmed,neutral,"Official site says the community is located on Sunset Boulevard in Hollywood, Los Angeles, steps from the historic intersection of Hollywood and Vine."
hanover-hollywood-6200-w-sunset-blvd--ev-2,building,hanover-hollywood-6200-w-sunset-blvd,amenities,"The official site markets a 24 or 7 fitness center, resort-style pool, rooftop skydecks, and indoor or outdoor theater style amenities.",official,Hanover Hollywood official amenities pages,https://www.hanoverhollywood.com/los-angeles/hanover-hollywood/amenities/,2026-03-25,confirmed,positive,"Official marketing lists a state-of-the-art 24 or 7 fitness center, expansive resort-style pool, rooftop skydecks with entertaining spaces, and an indoor or outdoor theater."
hanover-hollywood-6200-w-sunset-blvd--ev-3,building,hanover-hollywood-6200-w-sunset-blvd,amenities,"The official site says pets are allowed up to two per apartment, with dog breed restrictions and additional fees or deposits that are not publicly itemized.",official,Hanover Hollywood official pet policy,https://www.hanoverhollywood.com/p-2x2,2026-03-25,confirmed,mixed,"Official pet policy says up to two pets are allowed per apartment, some breed restrictions apply to dogs, and additional fees and deposits may apply."
hanover-hollywood-6200-w-sunset-blvd--ev-4,building,hanover-hollywood-6200-w-sunset-blvd,amenities,The official floor plan pages say homes include premium appliance packages and smart home capabilities.,official,Hanover Hollywood floor plans,https://www.hanoverhollywood.com/los-angeles/hanover-hollywood/conventional/,2026-03-25,confirmed,positive,"Floor plan page says designer floor plans feature premium appliance packages, smart home capabilities, and spa inspired bathrooms."
hanover-hollywood-6200-w-sunset-blvd--ev-5,building,hanover-hollywood-6200-w-sunset-blvd,management,"Apartments.com lists package service, controlled access, maintenance on site, property manager on site, video patrol, 24 hour access, and key fob entry.",review,Apartments.com,https://www.apartments.com/hanover-hollywood-los-angeles-ca/9zcp565/,2026-03-25,corroborated,positive,"Property services list includes package service, controlled access, maintenance on site, property manager on site, video patrol, 24 hour access, and key fob entry."
hanover-hollywood-6200-w-sunset-blvd--ev-6,building,hanover-hollywood-6200-w-sunset-blvd,pricing_transparency,"Apartments.com shows application, admin, pet, parking, and storage fees, but also warns that some mandatory or optional charges may be excluded.",review,Apartments.com,https://www.apartments.com/hanover-hollywood-los-angeles-ca/9zcp565/,2026-03-25,corroborated,mixed,"Visible fee stack includes $50 application, $50 administrative fee, $75 monthly pet rent, $85 to $225 parking, and $50 to $125 storage, with a disclaimer that fees may exclude utilities or other services."
hanover-hollywood-6200-w-sunset-blvd--ev-7,building,hanover-hollywood-6200-w-sunset-blvd,management,Apartments.com shows a 5.0 blended score and 62 renter reviews for Hanover Hollywood.,review,Apartments.com,https://www.apartments.com/hanover-hollywood-los-angeles-ca/9zcp565/,2026-03-25,corroborated,positive,"Property rating section displays 5.0 out of 5 with 62 renter reviews, though the parsed page also contains an internal inconsistency about review display that lowers confidence slightly."
hanover-hollywood-6200-w-sunset-blvd--ev-8,building,hanover-hollywood-6200-w-sunset-blvd,quiet,Apartments.com gives the location a 67 SoundScore and labels traffic and nearby businesses as Busy.,review,Apartments.com,https://www.apartments.com/hanover-hollywood-los-angeles-ca/9zcp565/,2026-03-25,corroborated,negative,"SoundScore is 67 out of 100, with traffic listed as Busy and businesses listed as Busy."
hanover-hollywood-6200-w-sunset-blvd--ev-9,building,hanover-hollywood-6200-w-sunset-blvd,pricing_transparency,BBB shows one customer review alleging a quoted monthly rent changed by roughly $400 within a few hours.,review,Better Business Bureau,https://www.bbb.org/us/ca/los-angeles/profile/apartments/hanover-hollywood-1216-1644146/customer-reviews,2026-03-25,anecdotal,negative,BBB lists a 1 out of 5 average from one customer review; the visible complaint dated 11/21/2023 says the quoted monthly rent changed by about $400 within roughly two hours.
hanover-hollywood-6200-w-sunset-blvd--ev-10,building,hanover-hollywood-6200-w-sunset-blvd,community_stability,"Urbanize describes Hanover Hollywood as a seven-story, 270-unit mixed-use project with ground-floor retail and basement parking.",news,Urbanize LA,https://la.urbanize.city/project/hanover-hollywood,2026-03-25,corroborated,neutral,"Urbanize project page describes the completed development as a seven-story, 270-unit apartment project with retail and parking."
lumina-hollywood-1522-gordon-st--ev-1,building,lumina-hollywood-1522-gordon-st,security,"The official amenities page lists EV charging stations, a controlled access community, and 24-hour concierge service.",official,Morguard Living amenities page,https://www.morguardliving.com/luminahollywood/hollywood/lumina-hollywood/amenities/,2026-03-25,confirmed,positive,"Community amenities list includes EV Charging Stations, Controlled access community, and 24-hour concierge."
lumina-hollywood-1522-gordon-st--ev-2,building,lumina-hollywood-1522-gordon-st,amenities,"The official amenities page highlights a heated wading pool, outdoor lounge areas, media room, and private yoga studio.",official,Morguard Living amenities page,https://www.morguardliving.com/luminahollywood/hollywood/lumina-hollywood/amenities/,2026-03-25,confirmed,positive,"Official copy says Lumina offers a heated wading pool, outdoor lounge areas, media room, and an exclusive private yoga studio."
lumina-hollywood-1522-gordon-st--ev-3,building,lumina-hollywood-1522-gordon-st,amenities,"The official pet policy says both cats and dogs are welcome with no pet deposits and no weight limits, though breed restrictions and pet fees may still apply.",official,Morguard Living pet policy,https://www.morguardliving.com/luminahollywood/hollywood/lumina-hollywood/amenities/,2026-03-25,confirmed,positive,"Pet policy text says cats and dogs are welcome, with no pet deposits and no weight limits; breed restrictions and pet fees may apply."
lumina-hollywood-1522-gordon-st--ev-4,building,lumina-hollywood-1522-gordon-st,amenities,"The official amenities page lists stacked washer and dryer, Nest thermostat, and garage parking available for additional rent.",official,Morguard Living amenities page,https://www.morguardliving.com/luminahollywood/hollywood/lumina-hollywood/amenities/,2026-03-25,confirmed,positive,Home amenities include stacked washer and dryer and Nest thermostat; garage parking is available for additional rent.
lumina-hollywood-1522-gordon-st--ev-5,building,lumina-hollywood-1522-gordon-st,management,"Apartments.com describes Lumina as a gated building with on-site retail, a heated wading pool, media room, and 24-hour concierge.",review,Apartments.com,https://www.apartments.com/lumina-hollywood-los-angeles-ca/nrmg09n/,2026-03-25,corroborated,positive,"Apartments.com summary says Lumina offers a heated wading pool, outdoor lounge areas, media room, fitness studio, 24-hour concierge, on-site retail, and gated access."
lumina-hollywood-1522-gordon-st--ev-6,building,lumina-hollywood-1522-gordon-st,amenities,"Apartments.com confirms in-unit washer and dryer, air conditioning, dishwasher, and parking fees starting at $100 per month, with deposits based on screening results.",review,Apartments.com,https://www.apartments.com/lumina-hollywood-los-angeles-ca/nrmg09n/,2026-03-25,corroborated,positive,"The listing shows washer and dryer, air conditioning, and dishwasher; fee section shows application fees, deposit options through DepositCloud, and parking fees including $100 per month plus other parking charges listed at $75 to $275."
lumina-hollywood-1522-gordon-st--ev-7,building,lumina-hollywood-1522-gordon-st,management,Apartments.com shows a 4.9 blended score based on 4 renter reviews.,review,Apartments.com,https://www.apartments.com/lumina-hollywood-los-angeles-ca/nrmg09n/,2026-03-25,corroborated,positive,Property rating section displays 4.9 out of 5 with 4 renter reviews.
lumina-hollywood-1522-gordon-st--ev-8,building,lumina-hollywood-1522-gordon-st,management,A Chamber of Commerce listing shows a 4.2 star rating from 131 reviewers for Lumina Hollywood.,review,Chamber of Commerce,https://www.chamberofcommerce.com/business-directory/california/los-angeles/apartment-complex/2023037013-lumina-hollywood,2026-03-25,anecdotal,positive,The listing says Lumina Hollywood has a 4.2 star rating from 131 reviewers.
lumina-hollywood-1522-gordon-st--ev-9,building,lumina-hollywood-1522-gordon-st,community_stability,Urbanize reported in July 2025 that Morguard planned to add 36 apartments to the Lumina tower by repurposing vacant offices and parking.,news,Urbanize LA,https://la.urbanize.city/post/morguard-add-36-apartments-lumina-hollywood-tower-5929-sunset-blvd,2026-03-25,corroborated,mixed,Urbanize says new housing would take the place of vacant offices and parking at the former Sunset Gordon tower.
lumina-hollywood-1522-gordon-st--ev-10,building,lumina-hollywood-1522-gordon-st,quiet,Apartments.com gives Lumina Hollywood a 66 SoundScore and labels traffic and nearby businesses as Busy.,review,Apartments.com,https://www.apartments.com/lumina-hollywood-los-angeles-ca/nrmg09n/,2026-03-25,corroborated,negative,"SoundScore is 66 out of 100, with traffic listed as Busy and businesses listed as Busy."
el-centro-apartments-and-bungalows-6200-hollywood-blvd--ev-1,building,el-centro-apartments-and-bungalows-6200-hollywood-blvd,location_fit,"The official site describes El Centro as a self-contained neighborhood on a full city block east of Hollywood and Vine, steps from entertainment, dining, and nightlife.",official,El Centro official site,https://www.elcentrohollywood.com/,2026-03-25,confirmed,neutral,"Official site says the community sits on a full city block east of Hollywood and Vine and is steps from iconic entertainment, dining, and nightlife."
el-centro-apartments-and-bungalows-6200-hollywood-blvd--ev-2,building,el-centro-apartments-and-bungalows-6200-hollywood-blvd,management,The current official site footer identifies APT Residential LLC as the operating company.,official,El Centro official site,https://www.elcentrohollywood.com/,2026-03-25,confirmed,neutral,Current official site footer shows ©2026 APT Residential LLC and APT Residential California licensing information.
el-centro-apartments-and-bungalows-6200-hollywood-blvd--ev-3,building,el-centro-apartments-and-bungalows-6200-hollywood-blvd,amenities,"The official amenities page lists night patrol, a fitness center, hot tub or jacuzzi, sauna, yoga or spin studio, private residential parking garage, and a resort-style saltwater pool.",official,El Centro official amenities page,https://www.elcentrohollywood.com/los-angeles/el-centro-apartments-and-bungalows/amenities/,2026-03-25,confirmed,positive,"Community amenities list includes Night Patrol, Fitness Center, Hot Tub or Jacuzzi, Sauna, Yoga/spin studio, Private residential parking garage, and Resort Style Swimming Pool."
el-centro-apartments-and-bungalows-6200-hollywood-blvd--ev-4,building,el-centro-apartments-and-bungalows-6200-hollywood-blvd,pricing_transparency,The official amenities page says additional charges apply for some features including parking.,official,El Centro official amenities page,https://www.elcentrohollywood.com/los-angeles/el-centro-apartments-and-bungalows/amenities/,2026-03-25,confirmed,mixed,Official amenity copy says a private residential parking garage is available and notes that additional charges apply.
el-centro-apartments-and-bungalows-6200-hollywood-blvd--ev-5,building,el-centro-apartments-and-bungalows-6200-hollywood-blvd,amenities,"Apartments.com confirms controlled access, lounge space, sauna, spa, pool, dog park, and a private residential parking garage.",review,Apartments.com,https://www.apartments.com/el-centro-apartments-and-bungalows-hollywood-ca/m5m52rl/,2026-03-25,corroborated,positive,"Amenities list includes Controlled Access, Lounge, Sauna, Spa, Pool, Dog Park, and Private residential parking garage."
el-centro-apartments-and-bungalows-6200-hollywood-blvd--ev-6,building,el-centro-apartments-and-bungalows-6200-hollywood-blvd,amenities,Apartments.com confirms in-unit washer and dryer and dishwasher.,review,Apartments.com,https://www.apartments.com/el-centro-apartments-and-bungalows-hollywood-ca/m5m52rl/,2026-03-25,corroborated,positive,Apartment features section lists Washer/Dryer and Dishwasher.
el-centro-apartments-and-bungalows-6200-hollywood-blvd--ev-7,building,el-centro-apartments-and-bungalows-6200-hollywood-blvd,amenities,"Apartments.com and Trulia both show cat-friendly and dog-friendly terms, with visible monthly pet fees and deposits.",review,Apartments.com and Trulia,https://www.apartments.com/el-centro-apartments-and-bungalows-hollywood-ca/m5m52rl/,2026-03-25,corroborated,positive,Apartments.com shows cat and dog deposits of $100 and monthly pet fees of $50; Trulia also lists dogs and cats allowed with two-pet maximums and breed restrictions.
el-centro-apartments-and-bungalows-6200-hollywood-blvd--ev-8,building,el-centro-apartments-and-bungalows-6200-hollywood-blvd,community_stability,Apartments.com lists the property as a 2018-built community with 507 units and no renter reviews yet on that platform.,review,Apartments.com,https://www.apartments.com/el-centro-apartments-and-bungalows-hollywood-ca/m5m52rl/,2026-03-25,corroborated,neutral,Property details show built in 2018 with 507 units in 6 stories; the rating section says no renter reviews yet on Apartments.com.
el-centro-apartments-and-bungalows-6200-hollywood-blvd--ev-9,building,el-centro-apartments-and-bungalows-6200-hollywood-blvd,security,"Birdeye shows mixed recent resident feedback, including a complaint that security and the exit gate were major issues.",review,Birdeye,https://reviews.birdeye.com/el-centro-apartments-bungalows-166314006829894?filter=Newest&rsource=2,2026-03-25,anecdotal,negative,Birdeye shows 3.6 stars from 185 reviews; a visible recent Google review says the major issue is security and the exit gate.
el-centro-apartments-and-bungalows-6200-hollywood-blvd--ev-10,building,el-centro-apartments-and-bungalows-6200-hollywood-blvd,quiet,"Birdeye also shows a recent resident review describing the property as calm, private, and surprisingly peaceful once inside.",review,Birdeye,https://reviews.birdeye.com/el-centro-apartments-bungalows-166314006829894?filter=Newest&rsource=2,2026-03-25,anecdotal,positive,"A visible recent review says the neighborhood outside feels lively but once inside the property it feels calm, private, and surprisingly peaceful."
the-avenue-hollywood-1619-n-la-brea-ave--ev-1,building,the-avenue-hollywood-1619-n-la-brea-ave,pricing_transparency,Greystar says the published total monthly leasing prices include base rent and mandatory monthly costs.,official,Greystar property page,https://www.greystar.com/the-avenue-hollywood-apartments-los-angeles-ca/p_13236,2026-03-25,confirmed,positive,"Greystar states that total monthly leasing prices include base rent and mandatory monthly costs, while excluding usage-based and move-in or move-out charges."
the-avenue-hollywood-1619-n-la-brea-ave--ev-2,building,the-avenue-hollywood-1619-n-la-brea-ave,amenities,"Greystar lists abundant parking and EV chargers, concierge service, a dog run, pool courtyard with cabanas, and a fitness center.",official,Greystar property page,https://www.greystar.com/the-avenue-hollywood-apartments-los-angeles-ca/p_13236,2026-03-25,confirmed,positive,"Community amenities include abundant parking and EV chargers, concierge service, dog run, pool courtyard with cabanas, and fitness center."
the-avenue-hollywood-1619-n-la-brea-ave--ev-3,building,the-avenue-hollywood-1619-n-la-brea-ave,amenities,"Greystar highlights pet-friendly homes with washer and dryer included, stainless steel appliances, and floor-to-ceiling double-paned windows.",official,Greystar property page,https://www.greystar.com/the-avenue-hollywood-apartments-los-angeles-ca/p_13236,2026-03-25,confirmed,positive,"Highlights and apartment features list Pet Friendly, Washer/Dryers Included, Stainless Steel Appliances, and Floor-to-Ceiling Double-Paned Windows."
the-avenue-hollywood-1619-n-la-brea-ave--ev-4,building,the-avenue-hollywood-1619-n-la-brea-ave,location_fit,The official site places the building at the crossroads of La Brea and Hollywood Boulevard.,official,The Avenue official site,https://theavenuehollywood.com/,2026-03-25,confirmed,neutral,Official site says the location is at the crossroads of La Brea and Hollywood Boulevard.
the-avenue-hollywood-1619-n-la-brea-ave--ev-5,building,the-avenue-hollywood-1619-n-la-brea-ave,security,"Apartments.com lists package service, controlled access, property manager on site, concierge, video patrol, 24 hour access, and a gated courtyard.",review,Apartments.com,https://www.apartments.com/the-avenue-hollywood-hollywood-ca/pzblp3t/,2026-03-25,corroborated,positive,"Property services list includes package service, controlled access, maintenance on site, property manager on site, concierge, video patrol, 24 hour access, and gated outdoor areas."
the-avenue-hollywood-1619-n-la-brea-ave--ev-6,building,the-avenue-hollywood-1619-n-la-brea-ave,amenities,"Apartments.com confirms in-unit washer and dryer, air conditioning, dishwasher, security system, and lounge or business-center style common space.",review,Apartments.com,https://www.apartments.com/the-avenue-hollywood-hollywood-ca/pzblp3t/,2026-03-25,corroborated,positive,"Apartment features section lists washer and dryer, air conditioning, dishwasher, and security system; shared community list includes a business center and lounge."
the-avenue-hollywood-1619-n-la-brea-ave--ev-7,building,the-avenue-hollywood-1619-n-la-brea-ave,management,Apartments.com shows a 4.8 blended score with 25 renter reviews.,review,Apartments.com,https://www.apartments.com/the-avenue-hollywood-hollywood-ca/pzblp3t/,2026-03-25,corroborated,positive,Property rating section displays 4.8 out of 5 with 25 renter reviews.
the-avenue-hollywood-1619-n-la-brea-ave--ev-8,building,the-avenue-hollywood-1619-n-la-brea-ave,management,"Birdeye shows a broader review corpus with lower sentiment and a visible complaint about hot water, elevator outages, and understaffed maintenance.",review,Birdeye,https://reviews.birdeye.com/the-avenue-hollywood-apartments-149468111686563,2026-03-25,anecdotal,negative,"Birdeye shows 3.7 stars from 115 reviews; a visible review says hot water was inconsistent, elevators had issues, and maintenance was understaffed."
the-avenue-hollywood-1619-n-la-brea-ave--ev-9,building,the-avenue-hollywood-1619-n-la-brea-ave,quiet,Apartments.com gives The Avenue Hollywood a 65 SoundScore and labels traffic and nearby businesses as Busy.,review,Apartments.com,https://www.apartments.com/the-avenue-hollywood-hollywood-ca/pzblp3t/,2026-03-25,corroborated,negative,"SoundScore is 65 out of 100, with traffic listed as Busy and businesses listed as Busy."
the-avenue-hollywood-1619-n-la-brea-ave--ev-10,building,the-avenue-hollywood-1619-n-la-brea-ave,pricing_transparency,"Apartments.com itemizes package-service, pet, parking, tandem, guest-parking, and EV-related charges more clearly than most competing buildings.",review,Apartments.com,https://www.apartments.com/the-avenue-hollywood-hollywood-ca/pzblp3t/,2026-03-25,corroborated,positive,"Visible fees include package services at $2.75 per month plus a $20 registration fee, refundable pet deposit of $500, pet rent of $50 per month, standard garage parking at $75 per month, tandem parking at $130 per month, and separate guest or EV parking terms."
