unit_id,building_id,unit_number,listing_url,bedrooms,bathrooms,sqft,base_rent,concession_value_total,lease_term_months,available_date,application_fee,admin_fee,security_deposit,parking_cost,pet_rent,estimated_utilities,balcony,in_unit_laundry,dishwasher,central_ac,natural_light,closet_storage,exact_unit_shown,exposure,nearest_noise_source,net_effective_rent,true_monthly_cost,tour_status,notes,last_updated
columbia-square-living-1550-n-el-centro-ave--2001,columbia-square-living-1550-n-el-centro-ave,2001,https://www.apartments.com/columbia-square-living-los-angeles-ca/2v16sgc/,1,1,996,,,,2026-04-22,35,,,,75,,unknown,yes,yes,yes,unknown,unknown,unknown,,,,,,"Apartments.com: showed total monthly price $3,951, not separated base rent; official site uses Total Monthly Leasing Price. Official site also showed recurring monthly fees of pest control $3.00, utility-billing admin fee $4.38, and SCEP fee $2.83.",2026-03-25
columbia-square-living-1550-n-el-centro-ave--1201,columbia-square-living-1550-n-el-centro-ave,1201,https://www.apartments.com/columbia-square-living-los-angeles-ca/2v16sgc/,1,1,996,,,,2026-04-22,35,,,,75,,unknown,yes,yes,yes,unknown,unknown,unknown,,,,,,"Apartments.com: showed total monthly price $4,023, not separated base rent; official site uses Total Monthly Leasing Price. Official site also showed recurring monthly fees of pest control $3.00, utility-billing admin fee $4.38, and SCEP fee $2.83.",2026-03-25
columbia-square-living-1550-n-el-centro-ave--0804,columbia-square-living-1550-n-el-centro-ave,0804,https://www.apartments.com/columbia-square-living-los-angeles-ca/2v16sgc/,2,2,1220,,,,2026-04-07,35,,,,75,,unknown,yes,yes,yes,unknown,unknown,unknown,,,,,,"Apartments.com: showed total monthly price $5,029, not separated base rent; official site uses Total Monthly Leasing Price. Official site also showed recurring monthly fees of pest control $3.00, utility-billing admin fee $4.38, and SCEP fee $2.83.",2026-03-25
the-baxter-1818-n-cherokee-ave--207,the-baxter-1818-n-cherokee-ave,207,https://www.zillow.com/apartments/los-angeles-ca/the-baxter/CkCNSh/,1,1,773,2550,,,2026-03-25,,,1000,,,,unknown,yes,yes,unknown,unknown,unknown,unknown,,,,,,"Zillow: unit table showed exact apartment number and base rent. Official site showed 1x1 and 2x2 ranges but not the full exact unit table in the static parse. Property advertised 1 month free on select units and a $1,500 gift card on select units, but select-unit applicability was not explicit for this row.",2026-03-25
the-baxter-1818-n-cherokee-ave--306,the-baxter-1818-n-cherokee-ave,306,https://www.zillow.com/apartments/los-angeles-ca/the-baxter/CkCNSh/,1,1,792,2850,,,2026-03-25,,,1000,,,,unknown,yes,yes,unknown,unknown,unknown,unknown,,,,,,"Zillow: unit table showed exact apartment number and base rent. Official site showed 1x1 and 2x2 ranges but not the full exact unit table in the static parse. Property advertised 1 month free on select units and a $1,500 gift card on select units, but select-unit applicability was not explicit for this row.",2026-03-25
the-baxter-1818-n-cherokee-ave--308,the-baxter-1818-n-cherokee-ave,308,https://www.zillow.com/apartments/los-angeles-ca/the-baxter/CkCNSh/,1,1,792,2850,,,2026-03-25,,,1000,,,,unknown,yes,yes,unknown,unknown,unknown,unknown,,,,,,"Zillow: unit table showed exact apartment number and base rent. Official site showed 1x1 and 2x2 ranges but not the full exact unit table in the static parse. Property advertised 1 month free on select units and a $1,500 gift card on select units, but select-unit applicability was not explicit for this row.",2026-03-25
the-baxter-1818-n-cherokee-ave--502,the-baxter-1818-n-cherokee-ave,502,https://www.zillow.com/apartments/los-angeles-ca/the-baxter/CkCNSh/,1,1,817,3100,,,2026-04-01,,,1000,,,,unknown,yes,yes,unknown,unknown,unknown,unknown,,,,,,"Zillow: unit table showed exact apartment number and base rent. Official site showed 1x1 and 2x2 ranges but not the full exact unit table in the static parse. Property advertised 1 month free on select units and a $1,500 gift card on select units, but select-unit applicability was not explicit for this row.",2026-03-25
the-baxter-1818-n-cherokee-ave--710,the-baxter-1818-n-cherokee-ave,710,https://www.zillow.com/apartments/los-angeles-ca/the-baxter/CkCNSh/,1,1,792,3400,,,2026-03-25,,,1000,,,,unknown,yes,yes,unknown,unknown,unknown,unknown,,,,,,"Zillow: unit table showed exact apartment number and base rent. Official site showed 1x1 and 2x2 ranges but not the full exact unit table in the static parse. Property advertised 1 month free on select units and a $1,500 gift card on select units, but select-unit applicability was not explicit for this row.",2026-03-25
the-baxter-1818-n-cherokee-ave--513,the-baxter-1818-n-cherokee-ave,513,https://www.zillow.com/apartments/los-angeles-ca/the-baxter/CkCNSh/,2,2,1249,4050,,,2026-03-25,,,1000,,,,unknown,yes,yes,unknown,unknown,unknown,unknown,,,,,,"Zillow: unit table showed exact apartment number and base rent. Official site showed 1x1 and 2x2 ranges but not the full exact unit table in the static parse. Property advertised 1 month free on select units and a $1,500 gift card on select units, but select-unit applicability was not explicit for this row.",2026-03-25
the-baxter-1818-n-cherokee-ave--613,the-baxter-1818-n-cherokee-ave,613,https://www.zillow.com/apartments/los-angeles-ca/the-baxter/CkCNSh/,2,2,1249,4150,,,2026-03-25,,,1000,,,,unknown,yes,yes,unknown,unknown,unknown,unknown,,,,,,"Zillow: unit table showed exact apartment number and base rent. Official site showed 1x1 and 2x2 ranges but not the full exact unit table in the static parse. Property advertised 1 month free on select units and a $1,500 gift card on select units, but select-unit applicability was not explicit for this row.",2026-03-25
skyview-sunset-1511-n-fairfax-ave--302,skyview-sunset-1511-n-fairfax-ave,302,https://www.skyviewsunset.com/,2,2,833,4295,,,2026-03-25,,,2500,,,,unknown,yes,unknown,unknown,unknown,unknown,unknown,,,,,,"Official: site showed unit 302 as available. A building-wide promo for one month free on 14-19 month leases was visible, but the parsed inventory did not explicitly tie that promo to this exact unit.",2026-03-25
7950-west-sunset-7950-w-sunset-blvd--226,7950-west-sunset-7950-w-sunset-blvd,226,https://www.zillow.com/apartments/los-angeles-ca/7950-west-sunset/5Xk5Bj/,2,2,1097,3595,,,2026-03-25,,,,,,,unknown,yes,unknown,yes,unknown,unknown,unknown,,,,,,"Zillow: unit table showed exact apartment number and base rent. Property page advertised 1 month free for move-ins before 2026-03-31, but the listing did not explicitly tie the special to this exact unit. Covered parking was listed but no monthly parking price was disclosed.",2026-03-25
the-crown-8350-santa-monica-blvd--218,the-crown-8350-santa-monica-blvd,218,https://www.zillow.com/apartments/west-hollywood-ca/the-crown/CgHQ2y/,2,2,814,4699,4699,12,2026-03-25,,,,,,,yes,yes,yes,yes,unknown,unknown,unknown,,,,,,"Zillow: showed apartment 218 advertised at $4,337, and Apartments.com clarified that figure was net-effective rent for a 12-month lease at $4,699 per month with 1 month free.",2026-03-25
the-crown-8350-santa-monica-blvd--306,the-crown-8350-santa-monica-blvd,306,https://www.zillow.com/apartments/west-hollywood-ca/the-crown/CgHQ2y/,2,1,888,4699,7048.5,12,2026-03-25,,,,,,,yes,yes,yes,yes,unknown,unknown,unknown,,,,,,"Zillow: showed apartment 306 advertised at about $4,112-$4,116, and Apartments.com clarified that figure was net-effective rent for a 12-month lease at $4,699 per month with 6 weeks free.",2026-03-25
element-weho-1425-n-crescent-heights-blvd--103,element-weho-1425-n-crescent-heights-blvd,103,https://www.zillow.com/apartments/west-hollywood-ca/element-weho/ChTdYN/,1,1,1050,3995,,,2026-03-25,,,4295,,50,,unknown,yes,unknown,unknown,unknown,unknown,unknown,,,,,,"Zillow: unit table showed exact apartment number and base rent. Official site showed the same 1-bedroom office-style range and a $4,295 deposit. Building advertised 1 month free off the 3rd month, but the parsed listing did not explicitly tie that special to this exact unit.",2026-03-25
element-weho-1425-n-crescent-heights-blvd--204,element-weho-1425-n-crescent-heights-blvd,204,https://www.zillow.com/apartments/west-hollywood-ca/element-weho/ChTdYN/,1,1,1046,4495,,,2026-03-25,,,4295,,50,,unknown,yes,unknown,unknown,unknown,unknown,unknown,,,,,,"Zillow: unit table showed exact apartment number and base rent. Official site showed the same 1-bedroom office-style range and a $4,295 deposit. Building advertised 1 month free off the 3rd month, but the parsed listing did not explicitly tie that special to this exact unit.",2026-03-25
element-weho-1425-n-crescent-heights-blvd--203,element-weho-1425-n-crescent-heights-blvd,203,https://www.zillow.com/apartments/west-hollywood-ca/element-weho/ChTdYN/,1,1,1018,4545,,,2026-03-25,,,4295,,50,,unknown,yes,unknown,unknown,unknown,unknown,unknown,,,,,,"Zillow: unit table showed exact apartment number and base rent. Official site showed the same 1-bedroom office-style range and a $4,295 deposit. Building advertised 1 month free off the 3rd month, but the parsed listing did not explicitly tie that special to this exact unit.",2026-03-25
aka-8500-sunset-8500-sunset-blvd--NONE,aka-8500-sunset-8500-sunset-blvd,NONE,https://www.8500sunsetapartments.com/,,,,,,,,,,,,,,unknown,unknown,unknown,unknown,unknown,unknown,unknown,,,,,,"Official: site showed 1-bedroom inventory, but the visible 1-bedroom units started at $5,635 base rent, above the target range. The site also advertised 1 month complimentary on select 1-bedroom residences, but select-unit applicability was not explicit for the visible units.",2026-03-25
silhouette-apartments-1233-n-highland-ave--511,silhouette-apartments-1233-n-highland-ave,511,https://silhouettela.com/,1,1,711,,,,2026-03-25,35,,,,50,,unknown,unknown,unknown,unknown,unknown,unknown,unknown,,,,,,"Official: RentCafe inventory showed this exact unit. The displayed price was shown as a range for the unit, likely varying by lease term. Building advertised up to 8 weeks free plus a $1,000 look-and-lease special on select units, but the parsed listing did not explicitly tie that promo to this exact unit.",2026-03-25
silhouette-apartments-1233-n-highland-ave--409,silhouette-apartments-1233-n-highland-ave,409,https://silhouettela.com/,1,1,818,,,,2026-03-25,35,,,,50,,unknown,unknown,unknown,unknown,unknown,unknown,unknown,,,,,,"Official: RentCafe inventory showed this exact unit. The displayed price was shown as a range for the unit, likely varying by lease term. Building advertised up to 8 weeks free plus a $1,000 look-and-lease special on select units, but the parsed listing did not explicitly tie that promo to this exact unit.",2026-03-25
silhouette-apartments-1233-n-highland-ave--510,silhouette-apartments-1233-n-highland-ave,510,https://silhouettela.com/,1,1,818,,,,2026-03-25,35,,,,50,,unknown,unknown,unknown,unknown,unknown,unknown,unknown,,,,,,"Official: RentCafe inventory showed this exact unit. The displayed price was shown as a range for the unit, likely varying by lease term. Building advertised up to 8 weeks free plus a $1,000 look-and-lease special on select units, but the parsed listing did not explicitly tie that promo to this exact unit.",2026-03-25
silhouette-apartments-1233-n-highland-ave--406,silhouette-apartments-1233-n-highland-ave,406,https://silhouettela.com/,1,1,818,,,,2026-03-25,35,,,,50,,unknown,unknown,unknown,unknown,unknown,unknown,unknown,,,,,,"Official: RentCafe inventory showed this exact unit. The displayed price was shown as a range for the unit, likely varying by lease term. Building advertised up to 8 weeks free plus a $1,000 look-and-lease special on select units, but the parsed listing did not explicitly tie that promo to this exact unit.",2026-03-25
silhouette-apartments-1233-n-highland-ave--506,silhouette-apartments-1233-n-highland-ave,506,https://silhouettela.com/,1,1,818,,,,2026-03-25,35,,,,50,,unknown,unknown,unknown,unknown,unknown,unknown,unknown,,,,,,"Official: RentCafe inventory showed this exact unit. The displayed price was shown as a range for the unit, likely varying by lease term. Building advertised up to 8 weeks free plus a $1,000 look-and-lease special on select units, but the parsed listing did not explicitly tie that promo to this exact unit.",2026-03-25
silhouette-apartments-1233-n-highland-ave--303,silhouette-apartments-1233-n-highland-ave,303,https://silhouettela.com/,1,1,977,3935,,,2026-03-25,35,,,,50,,unknown,unknown,unknown,unknown,unknown,unknown,unknown,,,,,,"Official: RentCafe inventory showed this exact unit. Building advertised up to 8 weeks free plus a $1,000 look-and-lease special on select units, but the parsed listing did not explicitly tie that promo to this exact unit.",2026-03-25
silhouette-apartments-1233-n-highland-ave--610,silhouette-apartments-1233-n-highland-ave,610,https://www.zillow.com/apartments/los-angeles-ca/silhouette-apartments/CjHsns/,1,1,818,,,,2026-03-25,35,,,,50,,unknown,unknown,unknown,yes,unknown,unknown,unknown,,,,,,"Zillow: showed exact unit 610 with total monthly price $3,546; base rent was not separated in the parsed view. Official site showed additional inventory but some units were hidden behind show more controls in the static parse.",2026-03-25
silhouette-apartments-1233-n-highland-ave--314,silhouette-apartments-1233-n-highland-ave,314,https://www.zillow.com/apartments/los-angeles-ca/silhouette-apartments/CjHsns/,1,1,818,,,,2026-03-25,35,,,,50,,unknown,unknown,unknown,yes,unknown,unknown,unknown,,,,,,"Zillow: showed exact unit 314 with total monthly price $3,611; base rent was not separated in the parsed view. Official site showed additional inventory but some units were hidden behind show more controls in the static parse.",2026-03-25
silhouette-apartments-1233-n-highland-ave--606,silhouette-apartments-1233-n-highland-ave,606,https://www.zillow.com/apartments/los-angeles-ca/silhouette-apartments/CjHsns/,1,1,818,,,,2026-03-25,35,,,,50,,unknown,unknown,unknown,yes,unknown,unknown,unknown,,,,,,"Zillow: showed exact unit 606 with total monthly price $3,711; base rent was not separated in the parsed view. Official site showed additional inventory but some units were hidden behind show more controls in the static parse.",2026-03-25
silhouette-apartments-1233-n-highland-ave--403,silhouette-apartments-1233-n-highland-ave,403,https://silhouettela.com/,2,2,976,,,,2026-03-25,35,,,,50,,unknown,unknown,unknown,unknown,unknown,unknown,unknown,,,,,,"Official: RentCafe inventory showed this exact unit. The displayed price was shown as a range for the unit, likely varying by lease term. Building advertised up to 8 weeks free plus a $1,000 look-and-lease special on select units, but the parsed listing did not explicitly tie that promo to this exact unit.",2026-03-25
silhouette-apartments-1233-n-highland-ave--312,silhouette-apartments-1233-n-highland-ave,312,https://silhouettela.com/,2,2,976,,,,2026-03-25,35,,,,50,,unknown,unknown,unknown,unknown,unknown,unknown,unknown,,,,,,"Official: RentCafe inventory showed this exact unit. The displayed price was shown as a range for the unit, likely varying by lease term. Building advertised up to 8 weeks free plus a $1,000 look-and-lease special on select units, but the parsed listing did not explicitly tie that promo to this exact unit.",2026-03-25
silhouette-apartments-1233-n-highland-ave--104,silhouette-apartments-1233-n-highland-ave,104,https://silhouettela.com/,2,2,1022,,,,2026-03-25,35,,,,50,,unknown,unknown,unknown,unknown,unknown,unknown,unknown,,,,,,"Official: RentCafe inventory showed this exact unit. The displayed price was shown as a range for the unit, likely varying by lease term. Building advertised up to 8 weeks free plus a $1,000 look-and-lease special on select units, but the parsed listing did not explicitly tie that promo to this exact unit.",2026-03-25
silhouette-apartments-1233-n-highland-ave--207,silhouette-apartments-1233-n-highland-ave,207,https://silhouettela.com/,2,2,1022,,,,2026-03-25,35,,,,50,,unknown,unknown,unknown,unknown,unknown,unknown,unknown,,,,,,"Official: RentCafe inventory showed this exact unit. The displayed price was shown as a range for the unit, likely varying by lease term. Building advertised up to 8 weeks free plus a $1,000 look-and-lease special on select units, but the parsed listing did not explicitly tie that promo to this exact unit.",2026-03-25
silhouette-apartments-1233-n-highland-ave--310,silhouette-apartments-1233-n-highland-ave,310,https://silhouettela.com/,2,2,1049,4285,,,2026-03-25,35,,,,50,,unknown,unknown,unknown,unknown,unknown,unknown,unknown,,,,,,"Official: RentCafe inventory showed this exact unit. Building advertised up to 8 weeks free plus a $1,000 look-and-lease special on select units, but the parsed listing did not explicitly tie that promo to this exact unit.",2026-03-25
silhouette-apartments-1233-n-highland-ave--311,silhouette-apartments-1233-n-highland-ave,311,https://silhouettela.com/,2,2,1056,,,,2026-03-25,35,,,,50,,unknown,unknown,unknown,unknown,unknown,unknown,unknown,,,,,,"Official: RentCafe inventory showed this exact unit. The displayed price was shown as a range for the unit, likely varying by lease term. Building advertised up to 8 weeks free plus a $1,000 look-and-lease special on select units, but the parsed listing did not explicitly tie that promo to this exact unit.",2026-03-25
silhouette-apartments-1233-n-highland-ave--502,silhouette-apartments-1233-n-highland-ave,502,https://silhouettela.com/,2,2,1056,,,,2026-03-25,35,,,,50,,unknown,unknown,unknown,unknown,unknown,unknown,unknown,,,,,,"Official: RentCafe inventory showed this exact unit. The displayed price was shown as a range for the unit, likely varying by lease term. Building advertised up to 8 weeks free plus a $1,000 look-and-lease special on select units, but the parsed listing did not explicitly tie that promo to this exact unit.",2026-03-25
silhouette-apartments-1233-n-highland-ave--317,silhouette-apartments-1233-n-highland-ave,317,https://silhouettela.com/,2,2,1075,,,,2026-03-25,35,,,,50,,unknown,unknown,unknown,unknown,unknown,unknown,unknown,,,,,,"Official: RentCafe inventory showed this exact unit. The displayed price was shown as a range for the unit, likely varying by lease term. Building advertised up to 8 weeks free plus a $1,000 look-and-lease special on select units, but the parsed listing did not explicitly tie that promo to this exact unit.",2026-03-25
silhouette-apartments-1233-n-highland-ave--408,silhouette-apartments-1233-n-highland-ave,408,https://silhouettela.com/,2,2,1075,,,,2026-03-25,35,,,,50,,unknown,unknown,unknown,unknown,unknown,unknown,unknown,,,,,,"Official: RentCafe inventory showed this exact unit. The displayed price was shown as a range for the unit, likely varying by lease term. Building advertised up to 8 weeks free plus a $1,000 look-and-lease special on select units, but the parsed listing did not explicitly tie that promo to this exact unit.",2026-03-25
silhouette-apartments-1233-n-highland-ave--108,silhouette-apartments-1233-n-highland-ave,108,https://silhouettela.com/,2,2,1141,4630,,,2026-03-25,35,,,,50,,unknown,unknown,unknown,unknown,unknown,unknown,unknown,,,,,,"Official: RentCafe inventory showed this exact unit. Building advertised up to 8 weeks free plus a $1,000 look-and-lease special on select units, but the parsed listing did not explicitly tie that promo to this exact unit.",2026-03-25
silhouette-apartments-1233-n-highland-ave--102,silhouette-apartments-1233-n-highland-ave,102,https://silhouettela.com/,2,2,1165,,,,2026-03-25,35,,,,50,,unknown,unknown,unknown,unknown,unknown,unknown,unknown,,,,,,"Official: RentCafe inventory showed this exact unit. The displayed price was shown as a range for the unit, likely varying by lease term. Building advertised up to 8 weeks free plus a $1,000 look-and-lease special on select units, but the parsed listing did not explicitly tie that promo to this exact unit.",2026-03-25
silhouette-apartments-1233-n-highland-ave--202,silhouette-apartments-1233-n-highland-ave,202,https://silhouettela.com/,2,2,1165,,,,2026-03-25,35,,,,50,,unknown,unknown,unknown,unknown,unknown,unknown,unknown,,,,,,"Official: RentCafe inventory showed this exact unit. The displayed price was shown as a range for the unit, likely varying by lease term. Building advertised up to 8 weeks free plus a $1,000 look-and-lease special on select units, but the parsed listing did not explicitly tie that promo to this exact unit.",2026-03-25
silhouette-apartments-1233-n-highland-ave--106,silhouette-apartments-1233-n-highland-ave,106,https://silhouettela.com/,2,2,1203,,,,2026-03-25,35,,,,50,,unknown,unknown,unknown,unknown,unknown,unknown,unknown,,,,,,"Official: RentCafe inventory showed this exact unit. The displayed price was shown as a range for the unit, likely varying by lease term. Building advertised up to 8 weeks free plus a $1,000 look-and-lease special on select units, but the parsed listing did not explicitly tie that promo to this exact unit.",2026-03-25
silhouette-apartments-1233-n-highland-ave--209,silhouette-apartments-1233-n-highland-ave,209,https://silhouettela.com/,2,2,1203,,,,2026-03-25,35,,,,50,,unknown,unknown,unknown,unknown,unknown,unknown,unknown,,,,,,"Official: RentCafe inventory showed this exact unit. The displayed price was shown as a range for the unit, likely varying by lease term. Building advertised up to 8 weeks free plus a $1,000 look-and-lease special on select units, but the parsed listing did not explicitly tie that promo to this exact unit.",2026-03-25
silhouette-apartments-1233-n-highland-ave--103,silhouette-apartments-1233-n-highland-ave,103,https://silhouettela.com/,2,2,1561,5215,,,2026-03-25,35,,,,50,,unknown,unknown,unknown,unknown,unknown,unknown,unknown,,,,,,"Official: RentCafe inventory showed this exact unit. Building advertised up to 8 weeks free plus a $1,000 look-and-lease special on select units, but the parsed listing did not explicitly tie that promo to this exact unit.",2026-03-25
avalon-west-hollywood-7316-santa-monica-blvd--001-252,avalon-west-hollywood-7316-santa-monica-blvd,001-252,https://www.avaloncommunities.com/california/west-hollywood-apartments/avalon-west-hollywood/,1,1,709,3190,,15,2026-04-10,,,,150,,,unknown,yes,unknown,yes,unknown,unknown,unknown,,,,,,"Official: Avalon availability page showed this exact apartment with a 15-month lease price. The same page indicated quoted rent excludes other fees and charges. The official page showed 11 total results, but the static parse only exposed the first 5 exact 1-bedroom apartment rows.",2026-03-25
avalon-west-hollywood-7316-santa-monica-blvd--001-238,avalon-west-hollywood-7316-santa-monica-blvd,001-238,https://www.avaloncommunities.com/california/west-hollywood-apartments/avalon-west-hollywood/,1,1,824,3250,,15,2026-03-28,,,,150,,,unknown,yes,unknown,yes,unknown,unknown,unknown,,,,,,"Official: Avalon availability page showed this exact apartment with a 15-month lease price. The same page indicated quoted rent excludes other fees and charges. The official page showed 11 total results, but the static parse only exposed the first 5 exact 1-bedroom apartment rows.",2026-03-25
avalon-west-hollywood-7316-santa-monica-blvd--001-553,avalon-west-hollywood-7316-santa-monica-blvd,001-553,https://www.avaloncommunities.com/california/west-hollywood-apartments/avalon-west-hollywood/,1,1,726,3280,,15,2026-03-27,,,,150,,,unknown,yes,unknown,yes,unknown,unknown,unknown,,,,,,"Official: Avalon availability page showed this exact apartment with a 15-month lease price. The same page indicated quoted rent excludes other fees and charges. The official page showed 11 total results, but the static parse only exposed the first 5 exact 1-bedroom apartment rows.",2026-03-25
avalon-west-hollywood-7316-santa-monica-blvd--001-325,avalon-west-hollywood-7316-santa-monica-blvd,001-325,https://www.avaloncommunities.com/california/west-hollywood-apartments/avalon-west-hollywood/,1,1,743,3305,,15,2026-04-02,,,,150,,,unknown,yes,unknown,yes,unknown,unknown,unknown,,,,,,"Official: Avalon availability page showed this exact apartment with a 15-month lease price. The same page indicated quoted rent excludes other fees and charges. The official page showed 11 total results, but the static parse only exposed the first 5 exact 1-bedroom apartment rows.",2026-03-25
avalon-west-hollywood-7316-santa-monica-blvd--001-217,avalon-west-hollywood-7316-santa-monica-blvd,001-217,https://www.avaloncommunities.com/california/west-hollywood-apartments/avalon-west-hollywood/,1,1,743,3305,,15,2026-04-15,,,,150,,,unknown,yes,unknown,yes,unknown,unknown,unknown,,,,,,"Official: Avalon availability page showed this exact apartment with a 15-month lease price. The same page indicated quoted rent excludes other fees and charges. The official page showed 11 total results, but the static parse only exposed the first 5 exact 1-bedroom apartment rows.",2026-03-25
line-lofts-1737-n-las-palmas-ave--404,line-lofts-1737-n-las-palmas-ave,404,https://www.zillow.com/apartments/los-angeles-ca/the-line-lofts/CkBBRX/,1,1,710,3295,,,2026-04-11,,,,,,,unknown,yes,yes,unknown,unknown,unknown,unknown,,,,,,"Zillow: showed exact apartment 404 with base rent. The property page also indicated in-unit washer/dryer and covered parking, but no parking price was disclosed.",2026-03-25
the-charlie-weho-7617-santa-monica-blvd--322,the-charlie-weho-7617-santa-monica-blvd,322,https://www.zillow.com/apartments/west-hollywood-ca/the-charlie-weho/CkB92p/,1,1,723,3217,,,2026-04-06,35,,,,50,,unknown,unknown,unknown,unknown,unknown,unknown,unknown,,,,,,"Zillow: showed exact apartment 322. Parsed fees included a $500 holding deposit, monthly pest control $2.00, utility-billing admin fee $4.15, municipality fee $6.00, and a $15 move-out final utility fee. Parking was listed as none.",2026-03-25
vantage-hollywood-1710-n-fuller-ave--1-334,vantage-hollywood-1710-n-fuller-ave,1-334,https://www.zillow.com/apartments/los-angeles-ca/vantage-hollywood/5XkJ3S/,1,1,530,2018,,,2026-04-14,,,,,,,yes,yes,yes,yes,unknown,unknown,unknown,,,,,,"Zillow: showed exact apartment number and base rent. The unit pages indicated in-unit laundry, dishwasher, air conditioning, and balcony. Pet costs differed by animal type on the property page, so pet_rent was left blank.",2026-03-25
vantage-hollywood-1710-n-fuller-ave--1-363,vantage-hollywood-1710-n-fuller-ave,1-363,https://www.zillow.com/apartments/los-angeles-ca/vantage-hollywood/5XkJ3S/,1,1,530,2023,,,2026-04-01,,,,,,,yes,yes,yes,yes,unknown,unknown,unknown,,,,,,"Zillow: showed exact apartment number and base rent. The unit pages indicated in-unit laundry, dishwasher, air conditioning, and balcony. Pet costs differed by animal type on the property page, so pet_rent was left blank.",2026-03-25
vantage-hollywood-1710-n-fuller-ave--1-504,vantage-hollywood-1710-n-fuller-ave,1-504,https://www.zillow.com/apartments/los-angeles-ca/vantage-hollywood/5XkJ3S/,1,1,530,2070,,,2026-03-25,,,,,,,yes,yes,yes,yes,unknown,unknown,unknown,,,,,,"Zillow: showed exact apartment number and base rent. The unit pages indicated in-unit laundry, dishwasher, air conditioning, and balcony. Pet costs differed by animal type on the property page, so pet_rent was left blank.",2026-03-25
vantage-hollywood-1710-n-fuller-ave--1-505,vantage-hollywood-1710-n-fuller-ave,1-505,https://www.zillow.com/apartments/los-angeles-ca/vantage-hollywood/5XkJ3S/,1,1,530,2155,,,2026-04-02,,,,,,,yes,yes,yes,yes,unknown,unknown,unknown,,,,,,"Zillow: showed exact apartment number and base rent. The unit pages indicated in-unit laundry, dishwasher, air conditioning, and balcony. Pet costs differed by animal type on the property page, so pet_rent was left blank.",2026-03-25
vantage-hollywood-1710-n-fuller-ave--1-234,vantage-hollywood-1710-n-fuller-ave,1-234,https://www.zillow.com/apartments/los-angeles-ca/vantage-hollywood/5XkJ3S/,1,1,530,2174,,,2026-03-31,,,,,,,yes,yes,yes,yes,unknown,unknown,unknown,,,,,,"Zillow: showed exact apartment number and base rent. The unit pages indicated in-unit laundry, dishwasher, air conditioning, and balcony. Pet costs differed by animal type on the property page, so pet_rent was left blank.",2026-03-25
vantage-hollywood-1710-n-fuller-ave--1-416,vantage-hollywood-1710-n-fuller-ave,1-416,https://www.zillow.com/apartments/los-angeles-ca/vantage-hollywood/5XkJ3S/,1,1,530,2195,,,2026-04-03,,,,,,,yes,yes,yes,yes,unknown,unknown,unknown,,,,,,"Zillow: showed exact apartment number and base rent. The unit pages indicated in-unit laundry, dishwasher, air conditioning, and balcony. Pet costs differed by animal type on the property page, so pet_rent was left blank.",2026-03-25
vantage-hollywood-1710-n-fuller-ave--1-246,vantage-hollywood-1710-n-fuller-ave,1-246,https://www.zillow.com/apartments/los-angeles-ca/vantage-hollywood/5XkJ3S/,1,1,530,2202,,,2026-04-01,,,,,,,yes,yes,yes,yes,unknown,unknown,unknown,,,,,,"Zillow: showed exact apartment number and base rent. The unit pages indicated in-unit laundry, dishwasher, air conditioning, and balcony. Pet costs differed by animal type on the property page, so pet_rent was left blank.",2026-03-25
vantage-hollywood-1710-n-fuller-ave--1-513,vantage-hollywood-1710-n-fuller-ave,1-513,https://www.zillow.com/apartments/los-angeles-ca/vantage-hollywood/5XkJ3S/,2,2,900,2999,,,2026-03-31,,,,,,,yes,yes,yes,yes,unknown,unknown,unknown,,,,,,"Zillow: showed exact apartment number and base rent. The unit pages indicated in-unit laundry, dishwasher, air conditioning, and balcony. Pet costs differed by animal type on the property page, so pet_rent was left blank.",2026-03-25
vantage-hollywood-1710-n-fuller-ave--1-601,vantage-hollywood-1710-n-fuller-ave,1-601,https://www.zillow.com/apartments/los-angeles-ca/vantage-hollywood/5XkJ3S/,2,2,735,3051,,,2026-03-31,,,,,,,yes,yes,yes,yes,unknown,unknown,unknown,,,,,,"Zillow: showed exact apartment number and base rent. The unit pages indicated in-unit laundry, dishwasher, air conditioning, and balcony. Pet costs differed by animal type on the property page, so pet_rent was left blank.",2026-03-25
hanover-hollywood-6200-w-sunset-blvd--Main-442,hanover-hollywood-6200-w-sunset-blvd,Main-442,https://www.apartments.com/hanover-hollywood-los-angeles-ca/9zcp565/,1,1,651,2297,,,2026-03-25,,,500,,,,unknown,yes,yes,unknown,unknown,unknown,unknown,,,,,,"Apartments.com: exposed this exact apartment number, base price, square footage, and availability. The property page said utilities are separate, parking details must be requested, and a building-wide 2 months free special was available for eligible applicants, but the parsed listing did not explicitly tie that special to this exact unit.",2026-03-25
hanover-hollywood-6200-w-sunset-blvd--Main-632,hanover-hollywood-6200-w-sunset-blvd,Main-632,https://www.apartments.com/hanover-hollywood-los-angeles-ca/9zcp565/,1,1,718,2489,,,2026-03-25,,,500,,,,unknown,yes,yes,unknown,unknown,unknown,unknown,,,,,,"Apartments.com: exposed this exact apartment number, base price, square footage, and availability. The property page said utilities are separate, parking details must be requested, and a building-wide 2 months free special was available for eligible applicants, but the parsed listing did not explicitly tie that special to this exact unit.",2026-03-25
hanover-hollywood-6200-w-sunset-blvd--Main-432,hanover-hollywood-6200-w-sunset-blvd,Main-432,https://www.apartments.com/hanover-hollywood-los-angeles-ca/9zcp565/,1,1,718,2785,,,2026-04-17,,,500,,,,unknown,yes,yes,unknown,unknown,unknown,unknown,,,,,,"Apartments.com: exposed this exact apartment number, base price, square footage, and availability. The property page said utilities are separate, parking details must be requested, and a building-wide 2 months free special was available for eligible applicants, but the parsed listing did not explicitly tie that special to this exact unit.",2026-03-25
hanover-hollywood-6200-w-sunset-blvd--Main-712,hanover-hollywood-6200-w-sunset-blvd,Main-712,https://www.apartments.com/hanover-hollywood-los-angeles-ca/9zcp565/,1,1,758,2562,,,2026-03-25,,,500,,,,unknown,yes,yes,unknown,unknown,unknown,unknown,,,,,,"Apartments.com: exposed this exact apartment number, base price, square footage, and availability. The property page said utilities are separate, parking details must be requested, and a building-wide 2 months free special was available for eligible applicants, but the parsed listing did not explicitly tie that special to this exact unit.",2026-03-25
hanover-hollywood-6200-w-sunset-blvd--Main-710,hanover-hollywood-6200-w-sunset-blvd,Main-710,https://www.apartments.com/hanover-hollywood-los-angeles-ca/9zcp565/,1,1,758,2562,,,2026-03-25,,,500,,,,unknown,yes,yes,unknown,unknown,unknown,unknown,,,,,,"Apartments.com: exposed this exact apartment number, base price, square footage, and availability. The property page said utilities are separate, parking details must be requested, and a building-wide 2 months free special was available for eligible applicants, but the parsed listing did not explicitly tie that special to this exact unit.",2026-03-25
hanover-hollywood-6200-w-sunset-blvd--Main-334,hanover-hollywood-6200-w-sunset-blvd,Main-334,https://www.apartments.com/hanover-hollywood-los-angeles-ca/9zcp565/,1,1,646,2272,,,2026-03-31,,,500,,,,unknown,yes,yes,unknown,unknown,unknown,unknown,,,,,,"Apartments.com: exposed this exact apartment number, base price, square footage, and availability. The property page said utilities are separate, parking details must be requested, and a building-wide 2 months free special was available for eligible applicants, but the parsed listing did not explicitly tie that special to this exact unit.",2026-03-25
hanover-hollywood-6200-w-sunset-blvd--Main-831,hanover-hollywood-6200-w-sunset-blvd,Main-831,https://www.apartments.com/hanover-hollywood-los-angeles-ca/9zcp565/,1,1,607,2272,,,2026-04-05,,,500,,,,unknown,yes,yes,unknown,unknown,unknown,unknown,,,,,,"Apartments.com: exposed this exact apartment number, base price, square footage, and availability. The property page said utilities are separate, parking details must be requested, and a building-wide 2 months free special was available for eligible applicants, but the parsed listing did not explicitly tie that special to this exact unit.",2026-03-25
lumina-hollywood-1522-gordon-st--507,lumina-hollywood-1522-gordon-st,507,https://www.zillow.com/apartments/hollywood-ca/lumina-hollywood/CkCM7b/,1,1,690,2869,,,2026-03-25,,,,,50,,unknown,yes,unknown,unknown,unknown,unknown,unknown,,,,,,"Zillow: showed exact apartment number and base rent. Property page advertised a select-unit promotion of $1,500 off the first full month, but the parsed listing did not explicitly tie that special to this exact unit.",2026-03-25
lumina-hollywood-1522-gordon-st--910,lumina-hollywood-1522-gordon-st,910,https://www.zillow.com/apartments/hollywood-ca/lumina-hollywood/CkCM7b/,2,1,911,4226,,,2026-03-25,,,,,50,,unknown,yes,unknown,unknown,unknown,unknown,unknown,,,,,,"Zillow: showed exact apartment number and base rent. Property page advertised a select-unit promotion of $1,500 off the first full month, but the parsed listing did not explicitly tie that special to this exact unit.",2026-03-25
lumina-hollywood-1522-gordon-st--2207,lumina-hollywood-1522-gordon-st,2207,https://www.zillow.com/apartments/hollywood-ca/lumina-hollywood/CkCM7b/,2,1,965,5121,,,2026-03-25,,,,,50,,unknown,yes,unknown,unknown,unknown,unknown,unknown,,,,,,"Zillow: showed exact apartment number and base rent. Property page advertised a select-unit promotion of $1,500 off the first full month, but the parsed listing did not explicitly tie that special to this exact unit.",2026-03-25
el-centro-apartments-and-bungalows-6200-hollywood-blvd--3521,el-centro-apartments-and-bungalows-6200-hollywood-blvd,3521,https://www.elcentrohollywood.com/,1,1,689,2402,,13,2026-03-25,,,1000,,50,,unknown,yes,unknown,unknown,unknown,unknown,unknown,Courtyard,,,,,"Official: unit detail page showed view Courtyard, dim unit, floor 5, hardwood floor, and full-size stackable washer/dryer.",2026-03-25
el-centro-apartments-and-bungalows-6200-hollywood-blvd--4303,el-centro-apartments-and-bungalows-6200-hollywood-blvd,4303,https://www.elcentrohollywood.com/,1,1,714,2769,,13,2026-03-25,,,1000,,50,,yes,yes,unknown,unknown,unknown,unknown,unknown,Pool,,,,,"Official: unit detail page showed pool view, large balcony, floor 3, hardwood floor, and full-size stackable washer/dryer.",2026-03-25
el-centro-apartments-and-bungalows-6200-hollywood-blvd--2534,el-centro-apartments-and-bungalows-6200-hollywood-blvd,2534,https://www.elcentrohollywood.com/,1,1,702,2644,,13,2026-03-25,,,1000,,50,,unknown,yes,unknown,unknown,unknown,unknown,unknown,,,,,,Official: unit detail page showed apartment 2534 with 13-month lease pricing. Full-size stackable washer/dryer was included; some feature text in the parsed view was truncated.,2026-03-25
el-centro-apartments-and-bungalows-6200-hollywood-blvd--1308,el-centro-apartments-and-bungalows-6200-hollywood-blvd,1308,https://www.elcentrohollywood.com/,1,1,732,2699,,13,2026-03-25,,,1000,,50,,unknown,yes,unknown,unknown,unknown,unknown,unknown,,,,,,Official: unit detail page showed apartment 1308 with 13-month lease pricing and full-size stackable washer/dryer.,2026-03-25
el-centro-apartments-and-bungalows-6200-hollywood-blvd--2536,el-centro-apartments-and-bungalows-6200-hollywood-blvd,2536,https://www.elcentrohollywood.com/,1,1,702,2644,,13,2026-03-25,,,1000,,50,,unknown,yes,unknown,unknown,unknown,unknown,unknown,,,,,,Official: unit detail page showed apartment 2536 with 13-month lease pricing and full-size stackable washer/dryer.,2026-03-25
el-centro-apartments-and-bungalows-6200-hollywood-blvd--1300,el-centro-apartments-and-bungalows-6200-hollywood-blvd,1300,https://www.elcentrohollywood.com/,1,1,968,3569,,12,2026-04-22,,,2000,,50,,yes,yes,unknown,unknown,unknown,unknown,unknown,North,"Hollywood](https://www.elcentrohollywood.com/%22,%22bedrooms%22:%221%22,%22bathrooms%22:%221%22,%22sqft%22:%22968%22,%22base_rent%22:%22$3,569%22,%22concession_value_total%22:%22%22,%22lease_term_months%22:%2212%22,%22available_date%22:%222026-04-22%22,%22application_fee%22:%22%22,%22admin_fee%22:%22%22,%22security_deposit%22:%22$2,000%22,%22parking_cost%22:%22%22,%22pet_rent%22:%22$50%22,%22estimated_utilities%22:%22%22,%22balcony%22:%22yes%22,%22in_unit_laundry%22:%22yes%22,%22dishwasher%22:%22unknown%22,%22central_ac%22:%22unknown%22,%22natural_light%22:%22unknown%22,%22closet_storage%22:%22unknown%22,%22exact_unit_shown%22:%22unknown%22,%22exposure%22:%22North%22,%22nearest_noise_source%22:%22Hollywood) Blvd",,,,"Official unit detail page showed corner windows, a window wall, Hollywood Blvd view, north exposure, Juliet balcony, hardwood floor, and full-size stackable washer/dryer. Availability was 2 days after the requested target date.",2026-03-25
el-centro-apartments-and-bungalows-6200-hollywood-blvd--1445,el-centro-apartments-and-bungalows-6200-hollywood-blvd,1445,https://www.zillow.com/apartments/los-angeles-ca/el-centro-apartments-and-bungalows/CkBCCV/,1,1,689,,,,2026-03-25,,,,,50,,unknown,unknown,unknown,unknown,unknown,unknown,unknown,,,,,,"Zillow: showed exact apartment 1-1445 with total monthly price $2,564; base rent was not separated in the parsed view. Official site also showed unit 1445 on the matching floor plan.",2026-03-25
el-centro-apartments-and-bungalows-6200-hollywood-blvd--1439,el-centro-apartments-and-bungalows-6200-hollywood-blvd,1439,https://www.zillow.com/apartments/los-angeles-ca/el-centro-apartments-and-bungalows/CkBCCV/,1,1,808,,,,2026-03-25,,,,,50,,unknown,unknown,unknown,unknown,unknown,unknown,unknown,,,,,,"Zillow: showed exact apartment 1-1439 with total monthly price $2,884; base rent was not separated in the parsed view.",2026-03-25
el-centro-apartments-and-bungalows-6200-hollywood-blvd--1434,el-centro-apartments-and-bungalows-6200-hollywood-blvd,1434,https://www.elcentrohollywood.com/,2,2,1058,3224,,16,2026-03-25,,,1000,,50,,yes,yes,unknown,unknown,unknown,unknown,unknown,South,,,,,"Official: unit detail page showed medium balcony, south view, floor 4, hardwood floor, and full-size stackable washer/dryer.",2026-03-25
el-centro-apartments-and-bungalows-6200-hollywood-blvd--1407,el-centro-apartments-and-bungalows-6200-hollywood-blvd,1407,https://www.elcentrohollywood.com/,2,2,1081,3950,,16,2026-03-25,,,1000,,50,,unknown,yes,unknown,unknown,unknown,unknown,unknown,,,,,,Official: unit detail page showed apartment 1407 with 16-month lease pricing and full-size stackable washer/dryer.,2026-03-25
el-centro-apartments-and-bungalows-6200-hollywood-blvd--3313,el-centro-apartments-and-bungalows-6200-hollywood-blvd,3313,https://www.elcentrohollywood.com/,2,2,1081,3445,,24,2026-03-25,,,1000,,50,,unknown,yes,unknown,unknown,unknown,unknown,unknown,,,,,,Official: unit detail page showed apartment 3313 with 24-month lease pricing and full-size stackable washer/dryer.,2026-03-25
el-centro-apartments-and-bungalows-6200-hollywood-blvd--2542,el-centro-apartments-and-bungalows-6200-hollywood-blvd,2542,https://www.elcentrohollywood.com/,2,2,1097,3734,,16,2026-03-25,,,1000,,50,,yes,yes,unknown,unknown,unknown,unknown,unknown,North,,,,,"Official: unit detail page showed north view, Juliet balcony, floor 5, hardwood floor, and full-size stackable washer/dryer.",2026-03-25
el-centro-apartments-and-bungalows-6200-hollywood-blvd--2642,el-centro-apartments-and-bungalows-6200-hollywood-blvd,2642,https://www.elcentrohollywood.com/,2,2,1097,3909,,16,2026-03-25,,,2000,,50,,yes,yes,unknown,unknown,unknown,unknown,unknown,North,,,,,"Official: unit detail page showed penthouse-level flat, north view, Juliet balcony, hardwood floor, and full-size stackable washer/dryer.",2026-03-25
el-centro-apartments-and-bungalows-6200-hollywood-blvd--2118,el-centro-apartments-and-bungalows-6200-hollywood-blvd,2118,https://www.elcentrohollywood.com/,2,2,1185,4099,,15,2026-04-22,,,1000,,50,,yes,yes,unknown,unknown,unknown,unknown,unknown,South,Argyle,,,,"Official: unit detail page showed extra-large balcony, Argyle view, south exposure, floor 1, hardwood floor, and full-size stackable washer/dryer. Availability was 2 days after the requested target date.",2026-03-25
el-centro-apartments-and-bungalows-6200-hollywood-blvd--1526,el-centro-apartments-and-bungalows-6200-hollywood-blvd,1526,https://www.elcentrohollywood.com/,2,2,1170,4174,,15,2026-04-07,,,1000,,50,,yes,yes,unknown,unknown,unknown,unknown,unknown,South,Argyle,,,,"Official: unit detail page showed medium balcony, Argyle view, corner windows, south exposure, floor 5, hardwood floor, and full-size stackable washer/dryer.",2026-03-25
el-centro-apartments-and-bungalows-6200-hollywood-blvd--1326,el-centro-apartments-and-bungalows-6200-hollywood-blvd,1326,https://www.elcentrohollywood.com/,2,2,1170,4099,,15,2026-04-22,,,1000,,50,,yes,yes,unknown,unknown,unknown,unknown,unknown,South,Argyle,,,,"Official: unit detail page showed medium balcony, Argyle view, corner windows, south exposure, floor 3, hardwood floor, and full-size stackable washer/dryer. Availability was 2 days after the requested target date.",2026-03-25
the-avenue-hollywood-1619-n-la-brea-ave--324,the-avenue-hollywood-1619-n-la-brea-ave,324,https://www.zillow.com/apartments/los-angeles-ca/the-avenue-hollywood/5XkGLb/,1,1,910,,,,2026-04-22,35,,,,50,,unknown,unknown,unknown,unknown,unknown,unknown,unknown,,,,,,"Zillow: showed exact unit number and total monthly price; base rent was not separated in the parsed view. Official site explains that Total Monthly Leasing Price includes base rent plus mandatory fees. Parsed fees included application fee $35, security deposit $750.0-$1500.0, holding deposit $500, monthly pest control $4.00, utility-billing admin fee $5.35, package services $2.75, move-in trash admin fee $15, package registration $20, and move-out final utility fee $10. Total monthly price shown was $2,966. Availability was 2 days after the requested target date.",2026-03-25
the-avenue-hollywood-1619-n-la-brea-ave--508,the-avenue-hollywood-1619-n-la-brea-ave,508,https://www.zillow.com/apartments/los-angeles-ca/the-avenue-hollywood/5XkGLb/,1,1,773,,,,2026-03-25,35,,,,50,,unknown,unknown,unknown,unknown,unknown,unknown,unknown,,,,,,"Zillow: showed exact unit number and total monthly price; base rent was not separated in the parsed view. Official site explains that Total Monthly Leasing Price includes base rent plus mandatory fees. Parsed fees included application fee $35, security deposit $750.0-$1500.0, holding deposit $500, monthly pest control $4.00, utility-billing admin fee $5.35, package services $2.75, move-in trash admin fee $15, package registration $20, and move-out final utility fee $10. Total monthly price shown was $2,974.",2026-03-25
the-avenue-hollywood-1619-n-la-brea-ave--503,the-avenue-hollywood-1619-n-la-brea-ave,503,https://www.zillow.com/apartments/los-angeles-ca/the-avenue-hollywood/5XkGLb/,1,1,887,,,,2026-03-25,35,,,,50,,unknown,unknown,unknown,unknown,unknown,unknown,unknown,,,,,,"Zillow: showed exact unit number and total monthly price; base rent was not separated in the parsed view. Official site explains that Total Monthly Leasing Price includes base rent plus mandatory fees. Parsed fees included application fee $35, security deposit $750.0-$1500.0, holding deposit $500, monthly pest control $4.00, utility-billing admin fee $5.35, package services $2.75, move-in trash admin fee $15, package registration $20, and move-out final utility fee $10. Total monthly price shown was $3,191.",2026-03-25
the-avenue-hollywood-1619-n-la-brea-ave--526,the-avenue-hollywood-1619-n-la-brea-ave,526,https://www.zillow.com/apartments/los-angeles-ca/the-avenue-hollywood/5XkGLb/,1,1.5,1138,,,,2026-03-25,35,,,,50,,unknown,unknown,unknown,unknown,unknown,unknown,unknown,,,,,,"Zillow: showed exact unit number and total monthly price; base rent was not separated in the parsed view. Official site explains that Total Monthly Leasing Price includes base rent plus mandatory fees. Parsed fees included application fee $35, security deposit $750.0-$1500.0, holding deposit $500, monthly pest control $4.00, utility-billing admin fee $5.35, package services $2.75, move-in trash admin fee $15, package registration $20, and move-out final utility fee $10. Total monthly price shown was $3,249.",2026-03-25
the-avenue-hollywood-1619-n-la-brea-ave--708,the-avenue-hollywood-1619-n-la-brea-ave,708,https://www.zillow.com/apartments/los-angeles-ca/the-avenue-hollywood/5XkGLb/,1,1,773,,,,2026-03-25,35,,,,50,,unknown,unknown,unknown,unknown,unknown,unknown,unknown,,,,,,"Zillow: showed exact unit number and total monthly price; base rent was not separated in the parsed view. Official site explains that Total Monthly Leasing Price includes base rent plus mandatory fees. Parsed fees included application fee $35, security deposit $750.0-$1500.0, holding deposit $500, monthly pest control $4.00, utility-billing admin fee $5.35, package services $2.75, move-in trash admin fee $15, package registration $20, and move-out final utility fee $10. Total monthly price shown was $3,272.",2026-03-25
the-avenue-hollywood-1619-n-la-brea-ave--226,the-avenue-hollywood-1619-n-la-brea-ave,226,https://www.zillow.com/apartments/los-angeles-ca/the-avenue-hollywood/5XkGLb/,1,1.5,1138,,,,2026-03-25,35,,,,50,,unknown,unknown,unknown,unknown,unknown,unknown,unknown,,,,,,"Zillow: showed exact unit number and total monthly price; base rent was not separated in the parsed view. Official site explains that Total Monthly Leasing Price includes base rent plus mandatory fees. Parsed fees included application fee $35, security deposit $750.0-$1500.0, holding deposit $500, monthly pest control $4.00, utility-billing admin fee $5.35, package services $2.75, move-in trash admin fee $15, package registration $20, and move-out final utility fee $10. Total monthly price shown was $3,272.",2026-03-25
the-avenue-hollywood-1619-n-la-brea-ave--220,the-avenue-hollywood-1619-n-la-brea-ave,220,https://www.zillow.com/apartments/los-angeles-ca/the-avenue-hollywood/5XkGLb/,1,1.5,1136,,,,2026-03-25,35,,,,50,,unknown,unknown,unknown,unknown,unknown,unknown,unknown,,,,,,"Zillow: showed exact unit number and total monthly price; base rent was not separated in the parsed view. Official site explains that Total Monthly Leasing Price includes base rent plus mandatory fees. Parsed fees included application fee $35, security deposit $750.0-$1500.0, holding deposit $500, monthly pest control $4.00, utility-billing admin fee $5.35, package services $2.75, move-in trash admin fee $15, package registration $20, and move-out final utility fee $10. Total monthly price shown was $3,333.",2026-03-25
the-avenue-hollywood-1619-n-la-brea-ave--319,the-avenue-hollywood-1619-n-la-brea-ave,319,https://www.zillow.com/apartments/los-angeles-ca/the-avenue-hollywood/5XkGLb/,1,1.5,1136,,,,2026-03-25,35,,,,50,,unknown,unknown,unknown,unknown,unknown,unknown,unknown,,,,,,"Zillow: showed exact unit number and total monthly price; base rent was not separated in the parsed view. Official site explains that Total Monthly Leasing Price includes base rent plus mandatory fees. Parsed fees included application fee $35, security deposit $750.0-$1500.0, holding deposit $500, monthly pest control $4.00, utility-billing admin fee $5.35, package services $2.75, move-in trash admin fee $15, package registration $20, and move-out final utility fee $10. Total monthly price shown was $3,343.",2026-03-25
the-avenue-hollywood-1619-n-la-brea-ave--315,the-avenue-hollywood-1619-n-la-brea-ave,315,https://www.zillow.com/apartments/los-angeles-ca/the-avenue-hollywood/5XkGLb/,1,1,1022,,,,2026-03-25,35,,,,50,,unknown,unknown,unknown,unknown,unknown,unknown,unknown,,,,,,"Zillow: showed exact unit number and total monthly price; base rent was not separated in the parsed view. Official site explains that Total Monthly Leasing Price includes base rent plus mandatory fees. Parsed fees included application fee $35, security deposit $750.0-$1500.0, holding deposit $500, monthly pest control $4.00, utility-billing admin fee $5.35, package services $2.75, move-in trash admin fee $15, package registration $20, and move-out final utility fee $10. Total monthly price shown was $3,343.",2026-03-25
the-avenue-hollywood-1619-n-la-brea-ave--321,the-avenue-hollywood-1619-n-la-brea-ave,321,https://www.zillow.com/apartments/los-angeles-ca/the-avenue-hollywood/5XkGLb/,1,1.5,1112,,,,2026-03-25,35,,,,50,,unknown,unknown,unknown,unknown,unknown,unknown,unknown,,,,,,"Zillow: showed exact unit number and total monthly price; base rent was not separated in the parsed view. Official site explains that Total Monthly Leasing Price includes base rent plus mandatory fees. Parsed fees included application fee $35, security deposit $750.0-$1500.0, holding deposit $500, monthly pest control $4.00, utility-billing admin fee $5.35, package services $2.75, move-in trash admin fee $15, package registration $20, and move-out final utility fee $10. Total monthly price shown was $3,390.",2026-03-25
the-avenue-hollywood-1619-n-la-brea-ave--427,the-avenue-hollywood-1619-n-la-brea-ave,427,https://www.zillow.com/apartments/los-angeles-ca/the-avenue-hollywood/5XkGLb/,1,1,910,,,,2026-04-11,35,,,,50,,unknown,unknown,unknown,unknown,unknown,unknown,unknown,,,,,,"Zillow: showed exact unit number and total monthly price; base rent was not separated in the parsed view. Official site explains that Total Monthly Leasing Price includes base rent plus mandatory fees. Parsed fees included application fee $35, security deposit $750.0-$1500.0, holding deposit $500, monthly pest control $4.00, utility-billing admin fee $5.35, package services $2.75, move-in trash admin fee $15, package registration $20, and move-out final utility fee $10. Total monthly price shown was $3,428.",2026-03-25
the-avenue-hollywood-1619-n-la-brea-ave--417,the-avenue-hollywood-1619-n-la-brea-ave,417,https://www.zillow.com/apartments/los-angeles-ca/the-avenue-hollywood/5XkGLb/,1,1.5,1136,,,,2026-03-25,35,,,,50,,unknown,unknown,unknown,unknown,unknown,unknown,unknown,,,,,,"Zillow: showed exact unit number and total monthly price; base rent was not separated in the parsed view. Official site explains that Total Monthly Leasing Price includes base rent plus mandatory fees. Parsed fees included application fee $35, security deposit $750.0-$1500.0, holding deposit $500, monthly pest control $4.00, utility-billing admin fee $5.35, package services $2.75, move-in trash admin fee $15, package registration $20, and move-out final utility fee $10. Total monthly price shown was $3,450.",2026-03-25
the-avenue-hollywood-1619-n-la-brea-ave--626,the-avenue-hollywood-1619-n-la-brea-ave,626,https://www.zillow.com/apartments/los-angeles-ca/the-avenue-hollywood/5XkGLb/,1,1.5,1138,,,,2026-03-25,35,,,,50,,unknown,unknown,unknown,unknown,unknown,unknown,unknown,,,,,,"Zillow: showed exact unit number and total monthly price; base rent was not separated in the parsed view. Official site explains that Total Monthly Leasing Price includes base rent plus mandatory fees. Parsed fees included application fee $35, security deposit $750.0-$1500.0, holding deposit $500, monthly pest control $4.00, utility-billing admin fee $5.35, package services $2.75, move-in trash admin fee $15, package registration $20, and move-out final utility fee $10. Total monthly price shown was $3,543.",2026-03-25
the-avenue-hollywood-1619-n-la-brea-ave--229,the-avenue-hollywood-1619-n-la-brea-ave,229,https://www.zillow.com/apartments/los-angeles-ca/the-avenue-hollywood/5XkGLb/,2,2,1240,,,,2026-03-25,35,,,,50,,unknown,unknown,unknown,unknown,unknown,unknown,unknown,,,,,,"Zillow: showed exact unit number and total monthly price; base rent was not separated in the parsed view. Official site explains that Total Monthly Leasing Price includes base rent plus mandatory fees. Parsed fees included application fee $35, security deposit $750.0-$1500.0, holding deposit $500, monthly pest control $4.00, utility-billing admin fee $5.35, package services $2.75, move-in trash admin fee $15, package registration $20, and move-out final utility fee $10. Total monthly price shown was $3,914.",2026-03-25
